{"stats":{"minecraft:dropped":{"minecraft:cobblestone":1},"minecraft:picked_up":{"minecraft:cobblestone":1},"minecraft:custom":{"minecraft:open_barrel":1,"minecraft:time_since_rest":73234,"minecraft:open_chest":2,"minecraft:crouch_one_cm":4570,"minecraft:sprint_one_cm":9031,"lootr:looted_stat":7,"minecraft:play_time":73234,"minecraft:walk_one_cm":38374,"minecraft:sneak_time":3605,"minecraft:walk_under_water_one_cm":10889,"minecraft:drop":1,"minecraft:jump":197,"minecraft:interact_with_brewingstand":1,"minecraft:damage_dealt":35,"minecraft:leave_game":5,"minecraft:walk_on_water_one_cm":4643,"minecraft:time_since_death":73234,"minecraft:climb_one_cm":3144,"minecraft:total_world_time":73234,"minecraft:fly_one_cm":826093},"minecraft:used":{"minecraft:netherrack":4,"minecraft:magma_block":5,"minecraft:flint_and_steel":2,"naturalist:coral_snake_spawn_egg":3,"minecraft:ladder":1,"minecraft:piglin_spawn_egg":1,"minecraft:obsidian":29,"minecraft:crimson_nylium":3}},"DataVersion":3465}