{"stats":{"minecraft:killed":{"cataclysm:deepling_angler":1,"mowziesmobs:ferrous_wroughtnaut":1,"vampirism:task_master_hunter":1,"mowziesmobs:umvuthi":1},"minecraft:dropped":{"minecraft:dirt":1,"minecraft:cobblestone":1},"minecraft:killed_by":{"easy_npc:humanoid":2},"minecraft:picked_up":{"cataclysm:ignitium_ingot":6,"minecraft:porkchop":2,"minecraft:dirt":1,"minecraft:rotten_flesh":3,"minecraft:kelp":3,"minecraft:wheat_seeds":3,"minecraft:cod":1,"minecraft:cobblestone":1},"minecraft:used":{"minecraft:warden_spawn_egg":2,"create:chute":3,"minecraft:netherite_sword":4,"mutantmonsters:mutant_creeper_spawn_egg":1,"mutantmonsters:spider_pig_spawn_egg":1,"cataclysm:ignis_spawn_egg":1,"mowziesmobs:umvuthana_spawn_egg":2,"minecraft:lava_bucket":6,"minecraft:iron_bars":15,"create:mechanical_press":1,"create:crushing_wheel":10,"minecraft:flint_and_steel":2,"create:gearbox":4,"minecraft:ladder":1,"minecraft:ender_pearl":1,"minecraft:stone":15,"mutantmonsters:mutant_skeleton_spawn_egg":1,"create:creative_motor":8,"create:andesite_funnel":1,"minecraft:crimson_nylium":3,"mowziesmobs:umvuthi_spawn_egg":3,"mowziesmobs:umvuthana_crane_spawn_egg":4,"mowziesmobs:naga_spawn_egg":1,"minecraft:netherrack":4,"mowziesmobs:foliaath_spawn_egg":1,"create:encased_chain_drive":12,"create:basin":1,"mutantmonsters:mutant_zombie_spawn_egg":1,"minecraft:dirt":1,"minecraft:magma_block":5,"create:shaft":2,"create:encased_fan":10,"create:brass_funnel":3,"mowziesmobs:wroughtnaut_spawn_egg":3,"cataclysm:the_harbinger_spawn_egg":1,"naturalist:coral_snake_spawn_egg":3,"minecraft:piglin_spawn_egg":1,"create:vertical_gearbox":1,"easy_npc:humanoid_spawn_egg":1,"minecraft:water_bucket":1,"minecraft:obsidian":29,"sophisticatedbackpacks:backpack":2},"minecraft:custom":{"minecraft:time_since_rest":32473,"minecraft:sprint_one_cm":25803,"lootr:looted_stat":7,"minecraft:walk_one_cm":148388,"minecraft:damage_taken":742,"minecraft:mob_kills":4,"minecraft:drop":2,"minecraft:damage_dealt":3036,"minecraft:fly_one_cm":1050949,"minecraft:open_barrel":1,"minecraft:open_chest":2,"minecraft:crouch_one_cm":6892,"minecraft:play_time":167598,"minecraft:deaths":3,"minecraft:sneak_time":5316,"minecraft:walk_under_water_one_cm":62561,"minecraft:jump":418,"minecraft:interact_with_brewingstand":1,"minecraft:leave_game":6,"minecraft:walk_on_water_one_cm":21565,"minecraft:time_since_death":32438,"minecraft:climb_one_cm":3144,"minecraft:total_world_time":167598,"minecraft:damage_resisted":5644,"minecraft:fall_one_cm":4195},"minecraft:mined":{"minecraft:grass":3,"minecraft:dirt":1}},"DataVersion":3465}