{"stats":{"minecraft:dropped":{"minecraft:cobblestone":1},"minecraft:picked_up":{"minecraft:cobblestone":1},"minecraft:custom":{"minecraft:open_barrel":1,"minecraft:time_since_rest":85234,"minecraft:open_chest":2,"minecraft:crouch_one_cm":4646,"minecraft:sprint_one_cm":9703,"lootr:looted_stat":7,"minecraft:play_time":85234,"minecraft:walk_one_cm":49898,"minecraft:sneak_time":3744,"minecraft:walk_under_water_one_cm":11000,"minecraft:mob_kills":1,"minecraft:drop":1,"minecraft:jump":249,"minecraft:interact_with_brewingstand":1,"minecraft:damage_dealt":41,"minecraft:leave_game":5,"minecraft:walk_on_water_one_cm":4747,"minecraft:time_since_death":85234,"minecraft:climb_one_cm":3144,"minecraft:total_world_time":85234,"minecraft:fly_one_cm":850696},"minecraft:used":{"minecraft:netherrack":4,"mutantmonsters:mutant_creeper_spawn_egg":1,"mutantmonsters:spider_pig_spawn_egg":1,"mutantmonsters:mutant_zombie_spawn_egg":1,"minecraft:magma_block":5,"minecraft:flint_and_steel":2,"mowziesmobs:wroughtnaut_spawn_egg":1,"naturalist:coral_snake_spawn_egg":3,"minecraft:ladder":1,"minecraft:piglin_spawn_egg":1,"mutantmonsters:mutant_skeleton_spawn_egg":1,"mowziesmobs:naga_spawn_egg":1,"mowziesmobs:umvuthi_spawn_egg":2,"mowziesmobs:umvuthana_crane_spawn_egg":2,"mowziesmobs:foliaath_spawn_egg":1,"minecraft:warden_spawn_egg":2,"minecraft:obsidian":29,"minecraft:crimson_nylium":3},"minecraft:killed":{"vampirism:task_master_hunter":1}},"DataVersion":3465}