{"stats":{"minecraft:dropped":{"minecraft:cobblestone":1},"minecraft:custom":{"minecraft:jump":56,"minecraft:time_since_rest":29864,"minecraft:crouch_one_cm":789,"minecraft:sprint_one_cm":3926,"minecraft:play_time":29864,"minecraft:walk_on_water_one_cm":1025,"minecraft:time_since_death":29864,"minecraft:walk_one_cm":9096,"minecraft:sneak_time":1037,"minecraft:total_world_time":29864,"minecraft:walk_under_water_one_cm":3728,"minecraft:drop":1,"minecraft:fly_one_cm":260687},"minecraft:used":{"naturalist:coral_snake_spawn_egg":3,"minecraft:magma_block":5},"minecraft:picked_up":{"minecraft:cobblestone":1}},"DataVersion":3465}