{"stats":{"minecraft:used":{"minecraft:ender_pearl":1,"minecraft:bow":3,"minecraft:flint_and_steel":1,"minecraft:obsidian":17},"minecraft:custom":{"minecraft:jump":33,"minecraft:time_since_rest":14795,"minecraft:crouch_one_cm":561,"minecraft:leave_game":1,"minecraft:sprint_one_cm":1189,"minecraft:play_time":14795,"minecraft:time_since_death":14795,"minecraft:walk_one_cm":6005,"minecraft:sneak_time":812,"minecraft:climb_one_cm":300,"minecraft:total_world_time":14795,"minecraft:fly_one_cm":345914}},"DataVersion":3465}