{"stats":{"minecraft:dropped":{"minecraft:cobblestone":1},"minecraft:custom":{"minecraft:open_barrel":1,"minecraft:time_since_rest":48874,"minecraft:open_chest":2,"minecraft:crouch_one_cm":2054,"minecraft:sprint_one_cm":5288,"lootr:looted_stat":6,"minecraft:play_time":48874,"minecraft:walk_one_cm":18447,"minecraft:sneak_time":2236,"minecraft:walk_under_water_one_cm":8858,"minecraft:drop":1,"minecraft:jump":89,"minecraft:interact_with_brewingstand":1,"minecraft:leave_game":1,"minecraft:walk_on_water_one_cm":1886,"minecraft:time_since_death":48874,"minecraft:total_world_time":48874,"minecraft:fly_one_cm":746426},"minecraft:used":{"minecraft:magma_block":5,"minecraft:flint_and_steel":1,"naturalist:coral_snake_spawn_egg":3,"minecraft:piglin_spawn_egg":1,"minecraft:obsidian":13},"minecraft:picked_up":{"minecraft:cobblestone":1}},"DataVersion":3465}