{"stats":{"minecraft:killed":{"mowziesmobs:umvuthi":1,"minecraft:phantom":5,"minecraft:skeleton":11,"mowziesmobs:ferrous_wroughtnaut":1,"vampirism:task_master_hunter":1,"minecraft:piglin_brute":2,"cataclysm:deepling_angler":1,"minecraft:husk":1,"minecraft:hoglin":17,"minecraft:creeper":2,"minecraft:pillager":1,"minecraft:zombie":4,"minecraft:wither_skeleton":47,"creeperoverhaul:savannah_creeper":1,"minecraft:cow":1},"minecraft:custom":{"lootr:looted_stat":21,"minecraft:mob_kills":96,"minecraft:interact_with_anvil":3,"minecraft:inspect_hopper":2,"minecraft:interact_with_crafting_table":3,"minecraft:open_barrel":9,"minecraft:damage_dealt_resisted":812,"minecraft:leave_game":17,"minecraft:time_since_death":344972,"minecraft:damage_resisted":5644,"minecraft:climb_one_cm":3496,"minecraft:sprint_one_cm":52647,"minecraft:walk_one_cm":344833,"minecraft:drop":32,"minecraft:play_noteblock":1,"minecraft:damage_dealt_absorbed":160,"minecraft:talked_to_villager":2,"minecraft:play_time":480132,"minecraft:walk_under_water_one_cm":66986,"minecraft:deaths":3,"minecraft:sneak_time":14489,"minecraft:jump":1023,"minecraft:interact_with_brewingstand":1,"minecraft:walk_on_water_one_cm":34506,"minecraft:enchant_item":2,"minecraft:total_world_time":480132,"minecraft:tune_noteblock":4723,"vampirism:interact_with_research_table":3,"minecraft:time_since_rest":345007,"minecraft:damage_taken":1132,"minecraft:damage_dealt":35875,"minecraft:fly_one_cm":2313591,"minecraft:open_chest":12,"minecraft:crouch_one_cm":18089,"minecraft:fish_caught":32,"minecraft:fall_one_cm":9066},"minecraft:picked_up":{"minecraft:fishing_rod":1,"minecraft:clay_ball":917,"minecraft:potion":1,"minecraft:gold_block":1,"minecraft:golden_sword":2,"minecraft:pufferfish":1,"minecraft:red_sand":120,"minecraft:gold_nugget":83,"minecraft:beef":2,"minecraft:iron_nugget":10,"naturalist:catfish":1,"minecraft:phantom_membrane":2,"minecraft:stone":320,"minecraft:porkchop":29,"minecraft:diamond_chestplate":1,"minecraft:arrow":7,"minecraft:rotten_flesh":10,"minecraft:cooked_cod":1,"minecraft:gold_ingot":3,"minecraft:cod":10,"minecraft:cobblestone":1004,"minecraft:air":0,"minecraft:repeater":1,"minecraft:tripwire_hook":1,"minecraft:salmon":3,"cataclysm:ignitium_ingot":6,"minecraft:leather":18,"minecraft:potato":1,"minecraft:flint":10,"minecraft:lily_pad":1,"minecraft:wither_skeleton_skull":5,"minecraft:dirt":1,"minecraft:bone":72,"minecraft:kelp":3,"minecraft:wheat_seeds":5,"minecraft:iron_ingot":15,"create:goggles":1,"create:cogwheel":1,"minecraft:gravel":2688,"minecraft:sand":5023,"create:gearbox":2,"minecraft:clay":9,"create:filter":6,"minecraft:oak_button":1,"minecraft:coal":40},"minecraft:mined":{"minecraft:grass":3,"minecraft:dirt":1},"minecraft:dropped":{"minecraft:clay":4,"minecraft:wheat_seeds":2,"minecraft:cobblestone":1,"minecraft:cod":1,"minecraft:gold_block":4,"minecraft:dirt":1,"minecraft:repeater":1,"naturalist:catfish":128,"minecraft:potion":1,"create:goggles":1,"minecraft:gold_nugget":530,"minecraft:phantom_membrane":2,"minecraft:sand":168,"minecraft:gold_ingot":5,"minecraft:bone":2,"minecraft:zombie_spawn_egg":1,"minecraft:rotten_flesh":3,"minecraft:diamond_chestplate":1},"minecraft:killed_by":{"easy_npc:humanoid":2},"minecraft:crafted":{"sophisticatedbackpacks:iron_backpack":1,"sophisticatedbackpacks:gold_backpack":1},"minecraft:used":{"minecraft:oak_fence":2,"minecraft:netherite_sword":320,"minecraft:iron_bars":15,"chipped:tinkering_table":2,"minecraft:flint_and_steel":2,"create:item_vault":3,"minecraft:redstone":3,"minecraft:ladder":1,"minecraft:chest":2,"minecraft:stone":46,"minecraft:zombie_spawn_egg":1,"minecraft:wither_skeleton_spawn_egg":1,"mutantmonsters:mutant_skeleton_spawn_egg":1,"mowziesmobs:umvuthana_crane_spawn_egg":4,"minecraft:netherrack":4,"minecraft:dirt":1,"minecraft:anvil":1,"chipped:alchemy_bench":1,"minecraft:hopper":1,"mowziesmobs:wroughtnaut_spawn_egg":3,"create:cogwheel":4,"cataclysm:the_harbinger_spawn_egg":1,"chipped:cracked_flat_amethyst_block_tiles":16,"create:creative_crate":2,"create:depot":4,"easy_npc:humanoid_spawn_egg":1,"minecraft:obsidian":29,"minecraft:warden_spawn_egg":2,"create:chute":14,"create:smart_chute":9,"mutantmonsters:mutant_creeper_spawn_egg":1,"mutantmonsters:spider_pig_spawn_egg":1,"minecraft:lava_bucket":6,"minecraft:bookshelf":27,"create:wrench":8,"create:gearbox":12,"chipped:glassblower":1,"minecraft:spawner":1,"minecraft:totem_of_undying":1,"create:creative_motor":16,"minecraft:barrel":8,"minecraft:stone_bricks":26,"create:andesite_funnel":17,"create:encased_chain_drive":26,"minecraft:repeater":1,"minecraft:magma_block":5,"minecraft:iron_trapdoor":7,"create:shaft":10,"sophisticatedbackpacks:gold_backpack":2,"chipped:loom_table":1,"minecraft:water_bucket":6,"vampirism:fire_place":1,"cataclysm:ignis_spawn_egg":1,"mowziesmobs:umvuthana_spawn_egg":2,"create:crushing_wheel":27,"chipped:granite_prismarine":1,"chipped:sanded_netherrack":1,"minecraft:ender_pearl":1,"chipped:tiled_netherrack":1,"minecraft:clay":1,"create:framed_glass_trapdoor":1,"mowziesmobs:foliaath_spawn_egg":1,"mowziesmobs:naga_spawn_egg":1,"create:encased_fan":22,"create:brass_funnel":20,"minecraft:crafting_table":1,"chipped:mason_table":1,"naturalist:coral_snake_spawn_egg":3,"minecraft:campfire":9,"minecraft:note_block":2,"create:filter":1,"sophisticatedbackpacks:backpack":13,"chipped:botanist_workbench":1,"create:mechanical_press":8,"minecraft:command_block":1,"minecraft:oak_button":2,"minecraft:oak_pressure_plate":10,"create:mechanical_arm":4,"mowziesmobs:umvuthi_spawn_egg":3,"minecraft:crimson_nylium":3,"enchantinginfuser:enchanting_infuser":2,"minecraft:fishing_rod":198,"mutantmonsters:mutant_zombie_spawn_egg":1,"create:basin":4,"minecraft:piglin_spawn_egg":1,"create:vertical_gearbox":4,"chipped:carpenters_table":1}},"DataVersion":3465}