{"stats":{"minecraft:mined":{"minecraft:grass":3,"minecraft:dirt":1},"minecraft:killed_by":{"easy_npc:humanoid":2},"minecraft:crafted":{"sophisticatedbackpacks:iron_backpack":1,"sophisticatedbackpacks:gold_backpack":1},"minecraft:killed":{"vampirism:vampire":60,"minecraft:witch":4,"vampirism:advanced_vampire":31,"mowziesmobs:umvuthi":1,"minecraft:spider":172,"minecraft:phantom":5,"minecraft:skeleton":233,"vampirism:blinding_bat":12,"mowziesmobs:ferrous_wroughtnaut":1,"vampirism:task_master_hunter":1,"minecraft:chicken":1,"minecraft:piglin_brute":2,"cataclysm:deepling_angler":1,"minecraft:husk":1,"minecraft:zombie_villager":1,"minecraft:hoglin":17,"minecraft:creeper":221,"minecraft:pillager":1,"minecraft:zombie":184,"minecraft:wither_skeleton":47,"creeperoverhaul:savannah_creeper":1,"minecraft:cow":1},"minecraft:used":{"minecraft:oak_fence":2,"minecraft:oak_trapdoor":4,"minecraft:netherite_sword":544,"minecraft:iron_bars":21,"chipped:tinkering_table":2,"minecraft:flint_and_steel":2,"create:schematic_table":1,"minecraft:armor_stand":4,"minecraft:dispenser":2,"create:item_vault":3,"minecraft:redstone":17,"minecraft:ladder":1,"minecraft:oak_sign":16,"minecraft:chest":2,"minecraft:stone":48,"minecraft:zombie_spawn_egg":1,"minecraft:wither_skeleton_spawn_egg":1,"mutantmonsters:mutant_skeleton_spawn_egg":1,"mowziesmobs:umvuthana_crane_spawn_egg":4,"minecraft:netherrack":4,"minecraft:torch":7,"minecraft:dirt":1,"minecraft:anvil":1,"mowziesmobs:wroughtnaut_spawn_egg":3,"chipped:alchemy_bench":1,"minecraft:hopper":4,"cataclysm:the_harbinger_spawn_egg":1,"create:cogwheel":8,"chipped:cracked_flat_amethyst_block_tiles":16,"create:copycat_panel":9,"create:creative_crate":2,"create:depot":4,"easy_npc:humanoid_spawn_egg":1,"mutantmonsters:spider_pig_spawn_egg":1,"enchantinginfuser:advanced_enchanting_infuser":1,"minecraft:obsidian":29,"minecraft:warden_spawn_egg":2,"create:chute":15,"create:smart_chute":9,"minecraft:glass":106,"mutantmonsters:mutant_creeper_spawn_egg":1,"minecraft:stone_brick_slab":658,"minecraft:lava_bucket":8,"minecraft:bookshelf":46,"create:wrench":8,"create:gearbox":15,"chipped:glassblower":1,"minecraft:spawner":1,"minecraft:totem_of_undying":1,"minecraft:barrel":8,"create:creative_motor":26,"minecraft:stone_bricks":208,"create:andesite_funnel":18,"minecraft:repeater":29,"minecraft:magma_block":5,"securitycraft:sentry":3,"create:encased_chain_drive":34,"create:shaft":80,"minecraft:iron_trapdoor":7,"minecraft:observer":11,"create:belt_connector":55,"sophisticatedbackpacks:gold_backpack":2,"minecraft:spider_spawn_egg":6,"chipped:loom_table":1,"mowziesmobs:umvuthana_spawn_egg":2,"minecraft:water_bucket":114,"vampirism:fire_place":1,"cataclysm:ignis_spawn_egg":1,"create:crushing_wheel":27,"minecraft:dropper":1,"minecraft:dirt_path":3,"chipped:granite_prismarine":1,"chipped:sanded_netherrack":1,"minecraft:ender_pearl":1,"minecraft:redstone_block":2,"chipped:tiled_netherrack":1,"minecraft:clay":1,"create:framed_glass_trapdoor":1,"create:mechanical_saw":16,"mowziesmobs:naga_spawn_egg":1,"mowziesmobs:foliaath_spawn_egg":1,"create:encased_fan":26,"minecraft:comparator":5,"create:brass_funnel":20,"minecraft:crafting_table":1,"chipped:mason_table":1,"naturalist:coral_snake_spawn_egg":3,"create:schematicannon":1,"minecraft:blue_ice":163,"minecraft:campfire":9,"minecraft:note_block":2,"minecraft:stone_brick_wall":2,"create:filter":1,"minecraft:piston":14,"minecraft:lever":2,"sophisticatedbackpacks:backpack":13,"vampirism:hunter_axe_ultimate":307,"chipped:botanist_workbench":1,"create:mechanical_press":8,"minecraft:command_block":1,"minecraft:oak_button":2,"create:water_wheel":1,"minecraft:oak_pressure_plate":10,"create:mechanical_arm":4,"mowziesmobs:umvuthi_spawn_egg":3,"minecraft:crimson_nylium":3,"enchantinginfuser:enchanting_infuser":5,"minecraft:fishing_rod":198,"mutantmonsters:mutant_zombie_spawn_egg":1,"create:basin":4,"create:cut_andesite_wall":1,"minecraft:bucket":1,"minecraft:piglin_spawn_egg":1,"create:vertical_gearbox":6,"chipped:carpenters_table":1,"create:large_cogwheel":9},"minecraft:custom":{"lootr:looted_stat":21,"minecraft:mob_kills":1036,"minecraft:interact_with_anvil":3,"minecraft:inspect_hopper":11,"minecraft:interact_with_crafting_table":3,"minecraft:open_barrel":9,"minecraft:damage_dealt_resisted":9411,"minecraft:leave_game":19,"minecraft:time_since_death":483707,"minecraft:climb_one_cm":3496,"minecraft:damage_resisted":5644,"minecraft:sprint_one_cm":60474,"minecraft:walk_one_cm":434841,"minecraft:drop":136,"vampirism:skills_unlocked":1,"minecraft:play_noteblock":1,"minecraft:damage_dealt_absorbed":265,"minecraft:talked_to_villager":2,"minecraft:play_time":618867,"minecraft:deaths":3,"minecraft:sneak_time":21501,"minecraft:walk_under_water_one_cm":67325,"minecraft:jump":1216,"minecraft:interact_with_brewingstand":1,"minecraft:walk_on_water_one_cm":38850,"minecraft:enchant_item":3,"minecraft:total_world_time":618867,"minecraft:tune_noteblock":4723,"vampirism:interact_with_research_table":3,"minecraft:time_since_rest":483742,"minecraft:damage_taken":1167,"minecraft:damage_dealt":79147,"minecraft:fly_one_cm":2598527,"minecraft:open_chest":12,"minecraft:crouch_one_cm":27946,"minecraft:fish_caught":32,"minecraft:fall_one_cm":9066,"minecraft:inspect_dispenser":17},"minecraft:picked_up":{"minecraft:fishing_rod":1,"minecraft:clay_ball":917,"minecraft:potion":1,"minecraft:gold_block":1,"minecraft:golden_sword":2,"minecraft:string":12,"minecraft:armor_stand":1,"minecraft:pufferfish":1,"minecraft:gold_nugget":83,"minecraft:red_sand":120,"minecraft:netherite_sword":1,"minecraft:beef":2,"minecraft:iron_nugget":10,"naturalist:catfish":1,"minecraft:phantom_membrane":2,"minecraft:golden_helmet":1,"minecraft:stone":320,"minecraft:porkchop":29,"vampirism:vampire_fang":2,"minecraft:golden_chestplate":1,"minecraft:cooked_cod":1,"minecraft:arrow":13,"vampirism:blood_bottle":1,"minecraft:diamond_chestplate":1,"minecraft:rotten_flesh":33,"minecraft:gold_ingot":3,"sophisticatedbackpacks:copper_backpack":2,"minecraft:cod":10,"minecraft:cobblestone":1004,"vampirism:vampire_book":1,"minecraft:air":0,"minecraft:repeater":2,"minecraft:tripwire_hook":1,"minecraft:salmon":3,"cataclysm:ignitium_ingot":6,"minecraft:leather":18,"minecraft:copper_block":16,"minecraft:potato":2,"minecraft:flint":10,"minecraft:lily_pad":1,"minecraft:wither_skeleton_skull":5,"minecraft:gunpowder":29,"minecraft:dirt":1,"minecraft:bone":87,"minecraft:kelp":3,"minecraft:bow":2,"minecraft:wheat_seeds":5,"minecraft:iron_ingot":15,"create:goggles":1,"minecraft:glass_bottle":2,"sophisticatedbackpacks:diamond_backpack":1,"create:cogwheel":1,"minecraft:gravel":2688,"minecraft:sand":5023,"sophisticatedbackpacks:iron_backpack":3,"vampirism:hunter_axe_ultimate":2,"minecraft:spider_eye":4,"create:gearbox":2,"minecraft:leather_helmet":1,"minecraft:clay":9,"create:filter":6,"enchantinginfuser:enchanting_infuser":1,"minecraft:oak_button":1,"minecraft:coal":40},"minecraft:dropped":{"minecraft:iron_ingot":2,"minecraft:golden_boots":9,"minecraft:clay":4,"minecraft:iron_sword":9,"minecraft:wheat_seeds":2,"minecraft:golden_helmet":8,"minecraft:cobblestone":1,"minecraft:feather":3,"enchantinginfuser:enchanting_infuser":1,"minecraft:cod":1,"minecraft:gold_block":4,"minecraft:dirt":1,"minecraft:repeater":1,"naturalist:catfish":128,"minecraft:potion":1,"minecraft:gold_nugget":530,"minecraft:phantom_membrane":2,"create:goggles":1,"minecraft:sand":168,"minecraft:iron_shovel":5,"minecraft:gold_ingot":5,"minecraft:bone":2,"minecraft:zombie_spawn_egg":1,"minecraft:netherite_sword":1,"minecraft:rotten_flesh":259,"vampirism:blood_bottle":34,"sophisticatedbackpacks:diamond_backpack":1,"minecraft:diamond_chestplate":1,"minecraft:golden_leggings":9,"vampirism:hunter_axe_ultimate":1,"minecraft:leather_leggings":1,"minecraft:bow":19}},"DataVersion":3465}