{"stats":{"minecraft:dropped":{"minecraft:cobblestone":1},"minecraft:picked_up":{"cataclysm:ignitium_ingot":3,"minecraft:porkchop":2,"minecraft:rotten_flesh":3,"minecraft:wheat_seeds":3,"minecraft:cobblestone":1},"minecraft:custom":{"minecraft:time_since_rest":97234,"lootr:looted_stat":7,"minecraft:sprint_one_cm":15992,"minecraft:walk_one_cm":60222,"minecraft:damage_taken":120,"minecraft:mob_kills":1,"minecraft:drop":1,"minecraft:damage_dealt":56,"minecraft:fly_one_cm":902967,"minecraft:open_barrel":1,"minecraft:open_chest":2,"minecraft:crouch_one_cm":4984,"minecraft:play_time":97234,"minecraft:sneak_time":4082,"minecraft:walk_under_water_one_cm":19723,"minecraft:jump":281,"minecraft:interact_with_brewingstand":1,"minecraft:leave_game":5,"minecraft:time_since_death":97234,"minecraft:walk_on_water_one_cm":16757,"minecraft:total_world_time":97234,"minecraft:climb_one_cm":3144,"minecraft:damage_resisted":4063,"minecraft:fall_one_cm":3167},"minecraft:used":{"minecraft:warden_spawn_egg":2,"mutantmonsters:mutant_creeper_spawn_egg":1,"mutantmonsters:spider_pig_spawn_egg":1,"cataclysm:ignis_spawn_egg":1,"minecraft:flint_and_steel":2,"minecraft:ladder":1,"mutantmonsters:mutant_skeleton_spawn_egg":1,"mowziesmobs:umvuthi_spawn_egg":2,"minecraft:crimson_nylium":3,"mowziesmobs:umvuthana_crane_spawn_egg":4,"minecraft:netherrack":4,"mowziesmobs:foliaath_spawn_egg":1,"mowziesmobs:naga_spawn_egg":1,"mutantmonsters:mutant_zombie_spawn_egg":1,"minecraft:magma_block":5,"mowziesmobs:wroughtnaut_spawn_egg":3,"cataclysm:the_harbinger_spawn_egg":1,"naturalist:coral_snake_spawn_egg":3,"minecraft:piglin_spawn_egg":1,"minecraft:obsidian":29},"minecraft:killed":{"vampirism:task_master_hunter":1}},"DataVersion":3465}