{"stats":{"minecraft:killed":{"cataclysm:deepling_angler":1,"mowziesmobs:umvuthi":1,"mowziesmobs:ferrous_wroughtnaut":1,"vampirism:task_master_hunter":1},"minecraft:crafted":{"sophisticatedbackpacks:gold_backpack":1,"sophisticatedbackpacks:iron_backpack":1},"minecraft:dropped":{"minecraft:clay":4,"minecraft:cobblestone":1,"minecraft:cod":1,"minecraft:gold_block":4,"minecraft:dirt":1,"naturalist:catfish":128,"minecraft:gold_nugget":384,"minecraft:sand":168,"create:goggles":1,"minecraft:gold_ingot":1},"minecraft:killed_by":{"easy_npc:humanoid":2},"minecraft:picked_up":{"minecraft:fishing_rod":1,"minecraft:air":0,"minecraft:clay_ball":916,"minecraft:salmon":1,"cataclysm:ignitium_ingot":6,"minecraft:gold_block":1,"minecraft:flint":10,"minecraft:lily_pad":1,"minecraft:dirt":1,"minecraft:pufferfish":1,"minecraft:kelp":3,"minecraft:wheat_seeds":3,"minecraft:red_sand":116,"minecraft:gold_nugget":83,"create:goggles":1,"minecraft:iron_nugget":10,"naturalist:catfish":1,"minecraft:stone":320,"minecraft:gravel":2688,"minecraft:sand":4961,"minecraft:porkchop":2,"create:gearbox":2,"minecraft:rotten_flesh":3,"minecraft:clay":9,"create:filter":4,"minecraft:gold_ingot":3,"minecraft:cod":4,"minecraft:cobblestone":988},"minecraft:used":{"minecraft:oak_fence":2,"minecraft:netherite_sword":4,"mowziesmobs:umvuthana_spawn_egg":2,"minecraft:water_bucket":4,"cataclysm:ignis_spawn_egg":1,"minecraft:iron_bars":15,"create:crushing_wheel":27,"minecraft:flint_and_steel":2,"create:item_vault":3,"minecraft:ladder":1,"minecraft:ender_pearl":1,"minecraft:chest":2,"minecraft:stone":39,"mutantmonsters:mutant_skeleton_spawn_egg":1,"minecraft:clay":1,"create:framed_glass_trapdoor":1,"mowziesmobs:umvuthana_crane_spawn_egg":4,"mowziesmobs:foliaath_spawn_egg":1,"minecraft:netherrack":4,"mowziesmobs:naga_spawn_egg":1,"minecraft:anvil":1,"minecraft:dirt":1,"create:brass_funnel":19,"create:encased_fan":19,"minecraft:crafting_table":1,"minecraft:hopper":1,"mowziesmobs:wroughtnaut_spawn_egg":3,"cataclysm:the_harbinger_spawn_egg":1,"create:cogwheel":2,"naturalist:coral_snake_spawn_egg":3,"minecraft:campfire":6,"create:creative_crate":2,"create:depot":4,"minecraft:note_block":2,"easy_npc:humanoid_spawn_egg":1,"create:filter":1,"minecraft:obsidian":29,"minecraft:warden_spawn_egg":2,"create:chute":8,"create:smart_chute":9,"mutantmonsters:mutant_creeper_spawn_egg":1,"mutantmonsters:spider_pig_spawn_egg":1,"sophisticatedbackpacks:backpack":12,"minecraft:lava_bucket":6,"minecraft:bookshelf":27,"create:mechanical_press":8,"minecraft:command_block":1,"create:wrench":8,"create:gearbox":12,"minecraft:oak_button":1,"minecraft:oak_pressure_plate":1,"create:mechanical_arm":4,"minecraft:barrel":4,"mowziesmobs:umvuthi_spawn_egg":3,"minecraft:crimson_nylium":3,"create:creative_motor":14,"create:andesite_funnel":8,"create:basin":4,"create:encased_chain_drive":26,"enchantinginfuser:enchanting_infuser":2,"mutantmonsters:mutant_zombie_spawn_egg":1,"minecraft:fishing_rod":156,"minecraft:magma_block":5,"create:shaft":10,"minecraft:iron_trapdoor":7,"minecraft:piglin_spawn_egg":1,"create:vertical_gearbox":3,"sophisticatedbackpacks:gold_backpack":2},"minecraft:custom":{"lootr:looted_stat":7,"minecraft:mob_kills":4,"minecraft:interact_with_anvil":3,"minecraft:inspect_hopper":2,"minecraft:interact_with_crafting_table":3,"minecraft:tune_noteblock":3539,"minecraft:open_barrel":2,"minecraft:leave_game":7,"minecraft:time_since_death":168484,"minecraft:climb_one_cm":3144,"minecraft:damage_resisted":5644,"minecraft:time_since_rest":168519,"minecraft:sprint_one_cm":31992,"minecraft:damage_taken":742,"minecraft:walk_one_cm":264879,"minecraft:drop":19,"minecraft:damage_dealt":3036,"minecraft:play_noteblock":1,"minecraft:fly_one_cm":1103499,"minecraft:open_chest":8,"minecraft:crouch_one_cm":11262,"minecraft:play_time":303644,"minecraft:deaths":3,"minecraft:sneak_time":8106,"minecraft:walk_under_water_one_cm":62561,"minecraft:jump":648,"minecraft:interact_with_brewingstand":1,"minecraft:walk_on_water_one_cm":23606,"minecraft:enchant_item":2,"minecraft:total_world_time":303644,"minecraft:fish_caught":23,"minecraft:fall_one_cm":4880},"minecraft:mined":{"minecraft:grass":3,"minecraft:dirt":1}},"DataVersion":3465}