{"stats":{"minecraft:dropped":{"minecraft:dirt":1,"minecraft:cobblestone":1},"minecraft:killed":{"cataclysm:deepling_angler":1,"mowziesmobs:ferrous_wroughtnaut":1,"vampirism:task_master_hunter":1,"mowziesmobs:umvuthi":1},"minecraft:picked_up":{"cataclysm:ignitium_ingot":6,"minecraft:porkchop":2,"minecraft:dirt":1,"minecraft:rotten_flesh":3,"minecraft:kelp":3,"minecraft:wheat_seeds":3,"minecraft:cod":1,"minecraft:cobblestone":1},"minecraft:custom":{"minecraft:time_since_rest":17263,"minecraft:sprint_one_cm":22487,"lootr:looted_stat":7,"minecraft:damage_taken":552,"minecraft:walk_one_cm":95920,"minecraft:mob_kills":4,"minecraft:drop":2,"minecraft:damage_dealt":3036,"minecraft:fly_one_cm":1030167,"minecraft:open_barrel":1,"minecraft:open_chest":2,"minecraft:crouch_one_cm":5590,"minecraft:play_time":152388,"minecraft:deaths":3,"minecraft:sneak_time":4673,"minecraft:walk_under_water_one_cm":62561,"minecraft:jump":377,"minecraft:interact_with_brewingstand":1,"minecraft:leave_game":6,"minecraft:walk_on_water_one_cm":21565,"minecraft:time_since_death":17228,"minecraft:climb_one_cm":3144,"minecraft:total_world_time":152388,"minecraft:damage_resisted":5644,"minecraft:fall_one_cm":4195},"minecraft:killed_by":{"easy_npc:humanoid":2},"minecraft:mined":{"minecraft:grass":3,"minecraft:dirt":1},"minecraft:used":{"minecraft:warden_spawn_egg":2,"minecraft:netherite_sword":4,"mutantmonsters:mutant_creeper_spawn_egg":1,"mowziesmobs:umvuthana_spawn_egg":2,"mutantmonsters:spider_pig_spawn_egg":1,"cataclysm:ignis_spawn_egg":1,"minecraft:flint_and_steel":2,"minecraft:ladder":1,"minecraft:ender_pearl":1,"mutantmonsters:mutant_skeleton_spawn_egg":1,"minecraft:crimson_nylium":3,"mowziesmobs:umvuthi_spawn_egg":3,"mowziesmobs:foliaath_spawn_egg":1,"minecraft:netherrack":4,"mowziesmobs:umvuthana_crane_spawn_egg":4,"mowziesmobs:naga_spawn_egg":1,"mutantmonsters:mutant_zombie_spawn_egg":1,"minecraft:dirt":1,"minecraft:magma_block":5,"mowziesmobs:wroughtnaut_spawn_egg":3,"cataclysm:the_harbinger_spawn_egg":1,"naturalist:coral_snake_spawn_egg":3,"minecraft:piglin_spawn_egg":1,"easy_npc:humanoid_spawn_egg":1,"minecraft:obsidian":29}},"DataVersion":3465}