{"stats":{"minecraft:dropped":{"minecraft:cobblestone":1},"minecraft:custom":{"minecraft:jump":66,"minecraft:time_since_rest":38187,"minecraft:crouch_one_cm":989,"minecraft:leave_game":1,"minecraft:sprint_one_cm":4989,"minecraft:play_time":38187,"minecraft:walk_on_water_one_cm":1886,"minecraft:time_since_death":38187,"minecraft:walk_one_cm":13750,"minecraft:sneak_time":1490,"minecraft:total_world_time":38187,"minecraft:walk_under_water_one_cm":8858,"minecraft:drop":1,"minecraft:fly_one_cm":499373,"minecraft:open_chest":2,"minecraft:interact_with_brewingstand":1},"minecraft:used":{"naturalist:coral_snake_spawn_egg":3,"minecraft:magma_block":5,"minecraft:flint_and_steel":1,"minecraft:obsidian":13},"minecraft:picked_up":{"minecraft:cobblestone":1}},"DataVersion":3465}