{"stats":{"minecraft:dropped":{"minecraft:cobblestone":1},"minecraft:custom":{"minecraft:jump":9,"minecraft:time_since_rest":17864,"minecraft:crouch_one_cm":151,"minecraft:sprint_one_cm":716,"minecraft:play_time":17864,"minecraft:walk_on_water_one_cm":476,"minecraft:time_since_death":17864,"minecraft:walk_one_cm":2360,"minecraft:sneak_time":178,"minecraft:total_world_time":17864,"minecraft:walk_under_water_one_cm":1464,"minecraft:drop":1,"minecraft:fly_one_cm":52812},"minecraft:picked_up":{"minecraft:cobblestone":1}},"DataVersion":3465}