{"stats":{"minecraft:killed":{"cataclysm:deepling_angler":1,"mowziesmobs:umvuthi":1,"mowziesmobs:ferrous_wroughtnaut":1,"vampirism:task_master_hunter":1},"minecraft:dropped":{"minecraft:cobblestone":1,"minecraft:gold_block":4,"minecraft:dirt":1,"minecraft:gold_nugget":384,"create:goggles":1,"minecraft:gold_ingot":1},"minecraft:killed_by":{"easy_npc:humanoid":2},"minecraft:picked_up":{"minecraft:clay_ball":916,"cataclysm:ignitium_ingot":6,"minecraft:gold_block":1,"minecraft:flint":10,"minecraft:dirt":1,"minecraft:gold_nugget":83,"minecraft:kelp":3,"minecraft:wheat_seeds":3,"minecraft:red_sand":112,"create:goggles":1,"minecraft:iron_nugget":10,"minecraft:stone":320,"minecraft:gravel":2688,"minecraft:porkchop":2,"minecraft:sand":4793,"create:gearbox":2,"minecraft:clay":5,"minecraft:rotten_flesh":3,"minecraft:gold_ingot":3,"minecraft:cod":1,"minecraft:cobblestone":988},"minecraft:used":{"minecraft:water_bucket":1,"mowziesmobs:umvuthana_spawn_egg":2,"cataclysm:ignis_spawn_egg":1,"minecraft:netherite_sword":4,"minecraft:iron_bars":15,"create:crushing_wheel":27,"minecraft:flint_and_steel":2,"create:item_vault":3,"minecraft:ladder":1,"minecraft:ender_pearl":1,"minecraft:chest":2,"minecraft:stone":17,"mutantmonsters:mutant_skeleton_spawn_egg":1,"minecraft:clay":1,"create:framed_glass_trapdoor":1,"mowziesmobs:foliaath_spawn_egg":1,"mowziesmobs:umvuthana_crane_spawn_egg":4,"minecraft:netherrack":4,"mowziesmobs:naga_spawn_egg":1,"minecraft:dirt":1,"minecraft:hopper":1,"create:encased_fan":14,"create:brass_funnel":8,"mowziesmobs:wroughtnaut_spawn_egg":3,"create:cogwheel":2,"cataclysm:the_harbinger_spawn_egg":1,"naturalist:coral_snake_spawn_egg":3,"create:creative_crate":2,"create:depot":1,"easy_npc:humanoid_spawn_egg":1,"create:filter":1,"minecraft:obsidian":29,"minecraft:warden_spawn_egg":2,"create:chute":8,"create:smart_chute":9,"sophisticatedbackpacks:backpack":9,"mutantmonsters:mutant_creeper_spawn_egg":1,"mutantmonsters:spider_pig_spawn_egg":1,"minecraft:lava_bucket":6,"create:mechanical_press":8,"minecraft:command_block":1,"create:wrench":8,"create:gearbox":12,"minecraft:oak_button":1,"create:mechanical_arm":4,"mowziesmobs:umvuthi_spawn_egg":3,"create:creative_motor":11,"minecraft:crimson_nylium":3,"create:andesite_funnel":5,"create:encased_chain_drive":26,"mutantmonsters:mutant_zombie_spawn_egg":1,"create:basin":4,"minecraft:magma_block":5,"create:shaft":9,"minecraft:piglin_spawn_egg":1,"create:vertical_gearbox":3},"minecraft:custom":{"lootr:looted_stat":7,"minecraft:mob_kills":4,"minecraft:inspect_hopper":2,"minecraft:open_barrel":1,"minecraft:leave_game":6,"minecraft:time_since_death":98438,"minecraft:climb_one_cm":3144,"minecraft:damage_resisted":5644,"minecraft:time_since_rest":98473,"minecraft:sprint_one_cm":29590,"minecraft:damage_taken":742,"minecraft:walk_one_cm":228713,"minecraft:drop":12,"minecraft:damage_dealt":3036,"minecraft:fly_one_cm":1093833,"minecraft:open_chest":5,"minecraft:crouch_one_cm":10030,"minecraft:play_time":233598,"minecraft:deaths":3,"minecraft:sneak_time":7360,"minecraft:walk_under_water_one_cm":62561,"minecraft:jump":559,"minecraft:interact_with_brewingstand":1,"minecraft:walk_on_water_one_cm":21565,"minecraft:total_world_time":233598,"minecraft:fall_one_cm":4195},"minecraft:mined":{"minecraft:grass":3,"minecraft:dirt":1}},"DataVersion":3465}