{"stats":{"minecraft:used":{"minecraft:netherrack":4,"minecraft:magma_block":5,"minecraft:flint_and_steel":2,"naturalist:coral_snake_spawn_egg":3,"minecraft:ladder":1,"minecraft:piglin_spawn_egg":1,"minecraft:obsidian":29,"minecraft:crimson_nylium":3},"minecraft:custom":{"minecraft:open_barrel":1,"minecraft:time_since_rest":69090,"minecraft:open_chest":2,"minecraft:crouch_one_cm":4513,"minecraft:sprint_one_cm":9031,"lootr:looted_stat":7,"minecraft:play_time":69090,"minecraft:walk_one_cm":31208,"minecraft:sneak_time":3585,"minecraft:walk_under_water_one_cm":8858,"minecraft:drop":1,"minecraft:jump":181,"minecraft:interact_with_brewingstand":1,"minecraft:damage_dealt":35,"minecraft:leave_game":4,"minecraft:walk_on_water_one_cm":3676,"minecraft:time_since_death":69090,"minecraft:climb_one_cm":3144,"minecraft:total_world_time":69090,"minecraft:fly_one_cm":825885},"minecraft:dropped":{"minecraft:cobblestone":1},"minecraft:picked_up":{"minecraft:cobblestone":1}},"DataVersion":3465}