{"stats":{"minecraft:dropped":{"minecraft:feather":2},"minecraft:killed":{"creeperoverhaul:desert_creeper":1,"creeperoverhaul:beach_creeper":1,"creeperoverhaul:jungle_creeper":1,"mowziesmobs:umvuthana":1,"creeperoverhaul:bamboo_creeper":1,"creeperoverhaul:dripstone_creeper":1,"vampirism:hunter":1},"minecraft:picked_up":{"minecraft:sculk_catalyst":1,"minecraft:seagrass":2,"minecraft:feather":7,"mowziesmobs:sol_visage":1,"cataclysm:witherite_block":1,"minecraft:sand":2,"minecraft:gunpowder":5,"mowziesmobs:umvuthana_mask_faith":1,"minecraft:cactus":1,"minecraft:rotten_flesh":2,"mowziesmobs:umvuthana_mask_rage":4,"minecraft:gold_nugget":3,"cataclysm:void_core":1,"minecraft:ender_eye":1},"minecraft:custom":{"minecraft:time_since_rest":66802,"minecraft:sprint_one_cm":14950,"minecraft:walk_one_cm":120182,"minecraft:mob_kills":9,"minecraft:drop":2,"minecraft:damage_dealt":220,"minecraft:fly_one_cm":219217,"minecraft:crouch_one_cm":8756,"minecraft:play_time":66802,"minecraft:sneak_time":4835,"minecraft:walk_under_water_one_cm":2075,"minecraft:jump":194,"minecraft:damage_dealt_resisted":24,"minecraft:leave_game":1,"minecraft:walk_on_water_one_cm":2767,"minecraft:time_since_death":66802,"minecraft:total_world_time":66802},"minecraft:used":{"cataclysm:infernal_forge":1,"minecraft:flint_and_steel":1,"easy_npc:easy_npc_spawner":1,"mowziesmobs:sol_visage":1,"mowziesmobs:earthbore_gauntlet":1,"minecraft:brush":1,"easy_npc:humanoid_spawn_egg":1,"mowziesmobs:wrought_axe":1,"minecraft:obsidian":15,"cataclysm:kobolediator_skull":1}},"DataVersion":3465}