{"stats":{"minecraft:picked_up":{"minecraft:seagrass":2,"minecraft:cactus":1,"minecraft:rotten_flesh":1,"minecraft:sand":2,"minecraft:ender_eye":1,"minecraft:gunpowder":5},"minecraft:custom":{"minecraft:time_since_rest":29678,"minecraft:crouch_one_cm":1803,"minecraft:play_time":29678,"minecraft:sprint_one_cm":9081,"minecraft:walk_one_cm":51065,"minecraft:sneak_time":545,"minecraft:walk_under_water_one_cm":934,"minecraft:mob_kills":6,"minecraft:damage_dealt_resisted":24,"minecraft:jump":99,"minecraft:damage_dealt":175,"minecraft:leave_game":1,"minecraft:walk_on_water_one_cm":334,"minecraft:time_since_death":29678,"minecraft:total_world_time":29678,"minecraft:fly_one_cm":116045},"minecraft:used":{"cataclysm:infernal_forge":1,"mowziesmobs:earthbore_gauntlet":1,"minecraft:flint_and_steel":1,"mowziesmobs:sol_visage":1,"mowziesmobs:wrought_axe":1,"minecraft:obsidian":15,"cataclysm:kobolediator_skull":1},"minecraft:killed":{"creeperoverhaul:desert_creeper":1,"creeperoverhaul:beach_creeper":1,"vampirism:hunter":1,"creeperoverhaul:dripstone_creeper":1,"creeperoverhaul:jungle_creeper":1,"creeperoverhaul:bamboo_creeper":1}},"DataVersion":3465}