{"stats":{"minecraft:mined":{"minecraft:grass_block":1,"minecraft:coarse_dirt":1},"minecraft:used":{"wardrobe:desert_helmet":1,"wardrobe:newsboy_cap_helmet":1},"minecraft:picked_up":{"minecraft:coarse_dirt":1,"minecraft:dirt":1},"minecraft:custom":{"minecraft:jump":89,"minecraft:time_since_rest":8557,"minecraft:damage_dealt":35,"minecraft:crouch_one_cm":331,"minecraft:play_time":8557,"minecraft:sprint_one_cm":11892,"minecraft:time_since_death":8557,"minecraft:walk_one_cm":18619,"minecraft:sneak_time":191,"minecraft:total_world_time":8557,"minecraft:fall_one_cm":2357,"minecraft:fly_one_cm":54715}},"DataVersion":3465}