{"stats":{"minecraft:custom":{"minecraft:jump":59,"minecraft:time_since_rest":17678,"minecraft:damage_dealt":30,"minecraft:crouch_one_cm":1310,"minecraft:sprint_one_cm":6945,"minecraft:leave_game":1,"minecraft:play_time":17678,"minecraft:time_since_death":17678,"minecraft:walk_one_cm":26511,"minecraft:sneak_time":433,"minecraft:total_world_time":17678,"minecraft:fly_one_cm":96332},"minecraft:used":{"minecraft:flint_and_steel":1,"minecraft:obsidian":15,"mowziesmobs:wrought_axe":1}},"DataVersion":3465}