{"stats":{"minecraft:picked_up":{"minecraft:sculk_catalyst":1,"mowziesmobs:umvuthana_mask_faith":1,"minecraft:seagrass":2,"minecraft:feather":3,"minecraft:cactus":1,"minecraft:rotten_flesh":1,"cataclysm:witherite_block":1,"minecraft:gold_nugget":3,"cataclysm:void_core":1,"minecraft:sand":2,"minecraft:ender_eye":1,"minecraft:gunpowder":5},"minecraft:custom":{"minecraft:time_since_rest":41678,"minecraft:crouch_one_cm":3496,"minecraft:play_time":41678,"minecraft:sprint_one_cm":10186,"minecraft:walk_one_cm":74114,"minecraft:sneak_time":1113,"minecraft:walk_under_water_one_cm":934,"minecraft:mob_kills":6,"minecraft:damage_dealt_resisted":24,"minecraft:jump":124,"minecraft:damage_dealt":200,"minecraft:leave_game":1,"minecraft:walk_on_water_one_cm":1206,"minecraft:time_since_death":41678,"minecraft:total_world_time":41678,"minecraft:fly_one_cm":137168},"minecraft:used":{"cataclysm:infernal_forge":1,"mowziesmobs:earthbore_gauntlet":1,"minecraft:flint_and_steel":1,"mowziesmobs:sol_visage":1,"mowziesmobs:wrought_axe":1,"minecraft:obsidian":15,"cataclysm:kobolediator_skull":1},"minecraft:killed":{"creeperoverhaul:desert_creeper":1,"creeperoverhaul:beach_creeper":1,"vampirism:hunter":1,"creeperoverhaul:dripstone_creeper":1,"creeperoverhaul:jungle_creeper":1,"creeperoverhaul:bamboo_creeper":1}},"DataVersion":3465}