{"stats":{"minecraft:killed":{"minecraft:zombie":1,"dragonmounts:dragon":1},"minecraft:mined":{"minecraft:grass":4,"minecraft:grass_block":1,"minecraft:coarse_dirt":1},"minecraft:used":{"minecraft:netherite_sword":12,"wardrobe:desert_helmet":1,"wardrobe:newsboy_cap_helmet":1,"astikorcarts:animal_cart":2,"minecraft:horse_spawn_egg":2},"minecraft:picked_up":{"minecraft:coarse_dirt":1,"minecraft:rotten_flesh":2,"astikorcarts:animal_cart":2,"astikorcarts:plow":1,"minecraft:dirt":1},"minecraft:custom":{"minecraft:time_since_rest":24735,"minecraft:crouch_one_cm":392,"minecraft:sprint_one_cm":17255,"minecraft:play_time":24735,"minecraft:damage_taken":50,"minecraft:walk_one_cm":47435,"minecraft:sneak_time":258,"minecraft:mob_kills":2,"minecraft:jump":115,"minecraft:damage_dealt":890,"minecraft:leave_game":1,"minecraft:time_since_death":24735,"minecraft:total_world_time":24735,"minecraft:fall_one_cm":2357,"minecraft:fly_one_cm":58376,"minecraft:horse_one_cm":12194}},"DataVersion":3465}