{"stats":{"minecraft:broken":{"minecraft:wooden_shovel":1,"minecraft:iron_shovel":3,"minecraft:stone_pickaxe":1,"minecraft:stone_axe":2,"create:extendo_grip":1,"create:sand_paper":1},"minecraft:killed":{"minecraft:cave_spider":4,"iceandfire:hippogryph":1,"minecraft:skeleton":41,"iceandfire:myrmex_worker":8,"minecraft:iron_golem":6,"iceandfire:cockatrice":1,"minecraft:pillager":3,"minecraft:zombie":81,"iceandfire:myrmex_queen":1,"iceandfire:lightning_dragon":1,"iceandfire:sea_serpent":3,"minecraft:cow":38,"iceandfire:cyclops":1,"minecraft:wandering_trader":1,"iceandfire:ghost":5,"minecraft:enderman":1,"minecraft:zombified_piglin":1,"minecraft:spider":23,"minecraft:silverfish":2,"minecraft:piglin":11,"minecraft:pig":8,"minecraft:zombie_villager":3,"minecraft:creeper":18,"minecraft:sheep":13,"minecraft:trader_llama":3,"minecraft:stray":20,"iceandfire:pixie":4,"minecraft:blaze":34,"iceandfire:fire_dragon":3,"minecraft:drowned":3,"iceandfire:troll":1,"iceandfire:amphithere":1,"minecraft:hoglin":8,"iceandfire:myrmex_soldier":3,"minecraft:wither_skeleton":6,"minecraft:villager":11,"monsters_and_girls:spook":8},"minecraft:mined":{"minecraft:dark_oak_planks":40,"minecraft:white_bed":34,"create:copper_casing":1,"minecraft:fire_coral_wall_fan":2,"create:andesite_casing":40,"minecraft:jungle_leaves":1,"minecraft:obsidian":25,"minecraft:granite":530,"minecraft:jungle_log":1,"byg:jacaranda_door":1,"minecraft:bubble_coral_block":8,"minecraft:tube_coral_block":8,"minecraft:hopper":3,"minecraft:chiseled_stone_bricks":3,"minecraft:spawner":41,"minecraft:weeping_vines_plant":4,"minecraft:polished_blackstone_bricks":36,"minecraft:tall_seagrass":4,"byg:redwood_planks":85,"minecraft:dark_oak_trapdoor":2,"minecraft:mossy_cobblestone_stairs":6,"byg:redwood_door":1,"minecraft:sticky_piston":5,"minecraft:cobbled_deepslate":5,"minecraft:barrel":6,"minecraft:fire":28,"minecraft:deepslate_lapis_ore":4,"minecraft:fletching_table":23,"minecraft:nether_brick_stairs":2,"minecraft:dirt_path":31,"minecraft:oak_stairs":51,"byg:pink_sand":10,"byg:soapstone_bricks":2,"byg:rainbow_eucalyptus_leaves":5,"create:mechanical_press":2,"create:limestone":130,"minecraft:tripwire":26,"byg:dacite":1,"create:cogwheel":4,"byg:soapstone_pillar":1,"minecraft:kelp_plant":16,"minecraft:crimson_nylium":53,"minecraft:soul_fire":6,"minecraft:amethyst_cluster":35,"create:mechanical_piston":2,"minecraft:torch":56,"minecraft:blast_furnace":1,"minecraft:melon":8,"minecraft:glass":39,"byg:cherry_door":1,"minecraft:sugar_cane":29,"minecraft:bricks":6,"byg:magmatic_stone":1,"byg:shelf_fungi":1,"minecraft:amethyst_block":113,"byg:orchard_sapling":49,"byg:soapstone":555,"createaddition:electric_motor":1,"create:portable_storage_interface":4,"byg:cyan_amaranth":115,"iceandfire:crackled_stone":11,"sophisticatedbackpacks:diamond_backpack":1,"minecraft:tinted_glass":56,"byg:lament_planks":4,"minecraft:wheat":17,"create:mechanical_mixer":1,"byg:jacaranda_planks":24,"minecraft:stone_brick_stairs":1,"minecraft:infested_mossy_stone_bricks":1,"minecraft:grass":431,"create:vertical_framed_glass_pane":1,"create:hand_crank":3,"byg:araucaria_sapling":1,"minecraft:smooth_basalt":4,"minecraft:stonecutter":1,"byg:redwood_slab":101,"minecraft:deepslate":175,"create:zinc_ore":167,"byg:redwood_log":15,"byg:clover_patch":7,"byg:pine_stairs":44,"create:millstone":1,"iceandfire:silver_ore":11,"minecraft:mossy_cobblestone":14,"minecraft:dark_oak_log":30,"create:fluid_tank":5,"minecraft:nether_bricks":29,"byg:aspen_log":17,"minecraft:crimson_roots":5,"byg:flower_patch":2,"byg:embur_gel_branch":1,"create:encased_fan":1,"create:mechanical_arm":2,"minecraft:kelp":3,"minecraft:red_mushroom":1,"minecraft:horn_coral_wall_fan":2,"minecraft:moss_block":2,"minecraft:white_concrete_powder":24,"byg:lament_sapling":5,"create:shaft":1,"minecraft:redstone_ore":6,"minecraft:light_blue_concrete_powder":6,"byg:pink_sandstone":10,"minecraft:andesite":491,"minecraft:mossy_stone_brick_stairs":3,"byg:magenta_amaranth":67,"minecraft:potatoes":40,"byg:orange_amaranth":24,"minecraft:vine":26,"byg:stripped_jacaranda_log":2,"create:cart_assembler":2,"minecraft:cobblestone_slab":51,"minecraft:rail":30,"byg:rocky_stone":15,"create:chute":9,"minecraft:brain_coral_wall_fan":1,"create:deployer":1,"minecraft:bamboo":10,"byg:soapstone_brick_stairs":2,"minecraft:brain_coral":2,"minecraft:white_wool":13,"byg:white_puffball":4,"minecraft:fire_coral_block":10,"minecraft:birch_stairs":1,"minecraft:oak_slab":1,"byg:pine_slab":4,"byg:jacaranda_bush":1,"minecraft:observer":5,"minecraft:dandelion":2,"minecraft:cornflower":1,"create:fluid_pipe":7,"create:mechanical_pump":1,"create:water_wheel":9,"minecraft:copper_ore":190,"minecraft:tall_grass":17,"minecraft:deepslate_gold_ore":60,"monsters_and_girls:urn_2":45,"minecraft:diorite":338,"minecraft:big_dripleaf":1,"byg:ebony_leaves":6,"create:mechanical_saw":35,"create:blaze_burner":1,"minecraft:coarse_dirt":1,"minecraft:cobblestone_wall":50,"byg:ebony_log":1,"byg:red_rock":1,"byg:horseweed":1,"minecraft:spruce_log":28,"minecraft:white_carpet":2,"minecraft:birch_leaves":2,"byg:leaf_pile":3,"byg:pine_log":14,"create:crushing_wheel":8,"create:mechanical_bearing":1,"byg:embur_gel_block":5,"minecraft:gravel":118,"minecraft:dripstone_block":22,"minecraft:cobweb":16,"minecraft:stone_bricks":69,"byg:tall_allium":5,"minecraft:gold_ore":11,"minecraft:fern":11,"create:deepslate_zinc_ore":115,"minecraft:spruce_planks":15,"minecraft:stone_pressure_plate":1,"byg:yellow_daffodil":1,"sophisticatedbackpacks:gold_backpack":2,"minecraft:brewing_stand":4,"byg:cattail":1,"minecraft:budding_amethyst":1,"minecraft:grass_block":1448,"minecraft:white_concrete":1,"minecraft:bubble_coral_fan":1,"minecraft:composter":2,"byg:pink_allium":3,"iceandfire:crackled_cobblestone":9,"minecraft:smooth_stone":13,"minecraft:glowstone":4,"minecraft:iron_ore":73,"byg:polished_soapstone":1,"minecraft:azure_bluet":1,"minecraft:dark_oak_stairs":14,"create:asurine":5,"minecraft:pointed_dripstone":21,"minecraft:iron_bars":39,"byg:redwood_trapdoor":11,"minecraft:brain_coral_block":14,"minecraft:spruce_slab":79,"minecraft:deepslate_redstone_ore":45,"create:radial_chassis":4,"minecraft:quartz_block":25,"minecraft:blackstone":5,"create:steam_engine":1,"iceandfire:myrmex_resin_jungle":4,"byg:white_cherry_foliage":1,"create:schematicannon":3,"minecraft:clay":18,"minecraft:calcite":49,"minecraft:poppy":5,"iceandfire:ghost_chest":2,"minecraft:chest":9,"create:brass_casing":7,"minecraft:nether_quartz_ore":21,"byg:firecracker_flower_bush":16,"minecraft:cobblestone":227,"minecraft:oak_planks":19,"minecraft:wall_torch":4,"byg:lush_grass_block":16,"minecraft:cauldron":4,"minecraft:seagrass":6,"byg:pine_planks":105,"minecraft:dark_oak_slab":14,"minecraft:nether_wart_block":1,"minecraft:lava_cauldron":1,"byg:purple_amaranth":41,"byg:overgrown_stone":1,"create:industrial_iron_block":161,"minecraft:orange_tulip":1,"create:spout":2,"minecraft:oak_log":68,"minecraft:dirt":1418,"minecraft:sand":30,"minecraft:infested_cracked_stone_bricks":1,"minecraft:tripwire_hook":2,"minecraft:oak_leaves":22,"minecraft:netherrack":1476,"minecraft:ancient_debris":2,"minecraft:nether_gold_ore":14,"minecraft:tuff":7,"byg:aspen_planks":2,"minecraft:oak_door":1,"minecraft:dark_oak_leaves":7,"minecraft:deepslate_diamond_ore":9,"byg:lollipop_flower":1,"minecraft:glow_lichen":2,"minecraft:lever":1,"minecraft:ladder":10,"minecraft:tube_coral_wall_fan":4,"byg:blue_enchanted_door":1,"byg:jacaranda_log":38,"create:large_cogwheel":3,"create:depot":2,"minecraft:polished_andesite_slab":14,"byg:soapstone_brick_slab":172,"minecraft:spruce_leaves":23,"minecraft:hay_block":4,"iceandfire:jungle_myrmex_cocoon":1,"createaddition:rolling_mill":1,"minecraft:oak_trapdoor":8,"minecraft:spruce_sapling":30,"minecraft:furnace":7,"create:windmill_bearing":1,"minecraft:gold_block":3,"minecraft:bell":1,"byg:redwood_wall_sign":3,"minecraft:bookshelf":38,"minecraft:deepslate_iron_ore":17,"crittersandcompanions:silk_cocoon":3,"minecraft:stripped_oak_log":2,"monsters_and_girls:urn_1":41,"minecraft:stone":6466,"byg:soapstone_tile_slab":2,"minecraft:podzol":31,"minecraft:scaffolding":140,"create:piston_extension_pole":2,"monsters_and_girls:jar_terrarium":1,"byg:indigo_jacaranda_sapling":2,"minecraft:oak_fence":16,"bushierflowers:grown_cornflower":1,"minecraft:crafting_table":5,"byg:flowering_jacaranda_bush":1,"byg:amaranth":85,"minecraft:lectern":187,"iceandfire:pixie_jar_0":1,"minecraft:lapis_ore":4,"minecraft:birch_planks":22,"create:schematic_table":2,"minecraft:gray_wool":1,"byg:redwood_sign":2,"byg:lush_dirt":14,"minecraft:sea_pickle":6,"iceandfire:myrmex_jungle_biolight":1,"iceandfire:pixie_house_mushroom_red":1,"minecraft:yellow_bed":17,"byg:raw_quartz_block":1,"minecraft:coal_ore":160,"create:mechanical_crafter":3,"byg:tall_pink_allium":2,"byg:embur_pedu":2,"minecraft:cracked_stone_bricks":9,"byg:redwood_sapling":6,"minecraft:mossy_stone_bricks":16},"minecraft:picked_up":{"byg:flowering_jacaranda_bush":2,"iceandfire:copper_sword":1,"byg:lush_dirt":28,"byg:flowering_indigo_jacaranda_bush":25,"create:spout":2,"minecraft:lead":7,"byg:pink_allium":3,"minecraft:diamond_sword":2,"minecraft:oak_stairs":77,"minecraft:enchanted_book":4,"minecraft:brewing_stand":5,"minecraft:amethyst_block":162,"iceandfire:manuscript":10,"minecraft:string":63,"minecraft:dark_oak_trapdoor":4,"create:limestone":125,"byg:red_rock":1,"create:piston_extension_pole":4,"byg:soapstone_pillar":1,"create:water_wheel":9,"byg:pine_log":384,"minecraft:diamond_leggings":2,"create:cart_assembler":2,"minecraft:gold_nugget":141,"minecraft:cobbled_deepslate":123,"byg:redwood_slab":118,"minecraft:spruce_planks":726,"minecraft:melon_slice":40,"byg:yellow_daffodil":1,"minecraft:composter":1,"minecraft:big_dripleaf":2,"create:andesite_casing":40,"iceandfire:silver_ore":10,"iceandfire:lightning_dragon_flesh":24,"monsters_and_girls:jar_terrarium":1,"minecraft:golden_chestplate":3,"minecraft:cauldron":18,"create:industrial_iron_block":162,"minecraft:horn_coral_fan":1,"minecraft:tropical_fish":1,"create:copper_casing":1,"iceandfire:fire_dragon_heart":6,"byg:soapstone_bricks":4,"minecraft:glowstone":4,"create:mechanical_arm":2,"create:crafting_blueprint":11,"minecraft:blaze_rod":44,"minecraft:iron_bars":79,"minecraft:birch_log":61,"minecraft:water_bucket":2,"byg:overgrown_stone":1,"minecraft:feather":12,"minecraft:cooked_beef":4,"minecraft:birch_slab":3,"byg:purple_amaranth":124,"minecraft:jungle_log":1,"byg:stripped_jacaranda_log":2,"byg:embur_gel_branch":1,"minecraft:flint":25,"byg:white_puffball_cap":4,"byg:soapstone_brick_slab":67,"minecraft:stonecutter":1,"byg:araucaria_sapling":50,"create:shaft":33,"minecraft:diamond_helmet":5,"minecraft:moss_block":2,"iceandfire:dragonscales_amythest":49,"iceandfire:dragon_skull_fire":6,"byg:jacaranda_planks":69,"sophisticatedbackpacks:iron_backpack":2,"iceandfire:lightning_dragon_heart":2,"iceandfire:myrmex_stinger":1,"minecraft:dark_oak_log":28,"create:tiled_glass":3,"minecraft:barrel":69,"byg:lament_log":22,"byg:pink_anemone":1,"byg:aspen_log":17,"byg:redwood_door":1,"minecraft:lever":11,"minecraft:granite":581,"minecraft:spruce_button":1,"iceandfire:troll_leather_forest":10,"createaddition:copper_rod":24,"byg:pine_planks":107,"minecraft:bricks":7,"create:precision_mechanism":2,"minecraft:crimson_roots":5,"minecraft:diamond_pickaxe":10,"iceandfire:dragon_skull_lightning":4,"create:copper_sheet":82,"sophisticatedbackpacks:gold_backpack":2,"minecraft:crafting_table":5,"minecraft:coarse_dirt":1,"iceandfire:witherbone":8,"create:mechanical_piston":1,"minecraft:clay_ball":77,"minecraft:leather_leggings":3,"byg:indigo_jacaranda_sapling":74,"iceandfire:sea_serpent_scales_blue":5,"minecraft:cornflower":3,"byg:horseweed":1,"create:fluid_pipe":7,"minecraft:compass":26,"minecraft:white_carpet":3,"minecraft:iron_shovel":2,"iceandfire:graveyard_soil":9,"minecraft:cracked_stone_bricks":2,"minecraft:beef":78,"minecraft:iron_nugget":110,"minecraft:poppy":34,"minecraft:spruce_slab":76,"minecraft:minecart":2,"minecraft:chest":10,"minecraft:copper_ore":26,"minecraft:egg":1,"minecraft:stone":1447,"monsters_and_girls:red_mushroom_hat_helmet":1,"minecraft:oak_door":3,"minecraft:amethyst_cluster":35,"minecraft:carrot":2,"minecraft:redstone":289,"create:brass_casing":7,"byg:lollipop_flower":1,"create:steam_engine":1,"minecraft:diamond_chestplate":4,"minecraft:diamond_boots":1,"minecraft:tube_coral_fan":4,"byg:dacite":1,"minecraft:shears":1,"minecraft:hay_block":4,"create:depot":3,"minecraft:tube_coral_block":8,"minecraft:gold_ingot":37,"minecraft:glow_berries":12,"minecraft:mutton":46,"byg:white_puffball_spores":6,"iceandfire:jungle_myrmex_cocoon":1,"minecraft:white_wool":74,"minecraft:rail":48,"minecraft:oxeye_daisy":1,"minecraft:stripped_oak_log":2,"create:vertical_framed_glass_pane":16,"create:iron_sheet":64,"create:brass_sheet":12,"byg:jacaranda_sapling":6,"iceandfire:sea_serpent_fang":14,"minecraft:tripwire_hook":5,"cfm:magenta_sofa":2,"minecraft:fern":8,"minecraft:red_mushroom":2,"minecraft:oak_log":290,"minecraft:lily_pad":2,"byg:leaf_pile":1,"minecraft:ancient_debris":4,"iceandfire:myrmex_resin_jungle":4,"byg:magenta_amaranth":166,"minecraft:white_banner":1,"iceandfire:pixie_house_mushroom_red":2,"byg:cyan_amaranth":365,"create:crushing_wheel":9,"byg:ebony_log":1,"minecraft:apple":4266,"minecraft:stone_bricks":74,"iceandfire:pixie_jar_empty":11,"minecraft:kelp":68,"minecraft:stone_pickaxe":1,"minecraft:iron_ore":6,"minecraft:cobweb":18,"byg:soapstone_tile_slab":4,"minecraft:glass_bottle":3,"minecraft:dark_oak_stairs":47,"create:mechanical_saw":36,"minecraft:smooth_basalt":4,"minecraft:dark_oak_slab":16,"byg:pine_slab":5,"iceandfire:sea_serpent_scales_green":7,"minecraft:gravel":870,"minecraft:birch_stairs":10,"minecraft:spruce_sapling":93,"byg:blue_enchanted_door":1,"minecraft:spruce_log":688,"byg:redwood_boat":5,"byg:redwood_sapling":20,"create:millstone":2,"minecraft:diamond_shovel":7,"minecraft:coal_ore":42,"minecraft:stone_axe":2,"byg:jacaranda_door":2,"create:mechanical_pump":2,"iceandfire:myrmex_jungle_egg":1,"minecraft:diamond_axe":4,"minecraft:gray_wool":2,"create:portable_storage_interface":4,"minecraft:crimson_nylium":13,"minecraft:hopper":3,"minecraft:ender_pearl":5,"minecraft:wheat":18,"byg:redwood_planks":80,"create:mechanical_crafter":3,"byg:redwood_trapdoor":8,"iceandfire:myrmex_jungle_chitin":7,"byg:amaranth":212,"minecraft:brain_coral_block":12,"monsters_and_girls:spectral_cake":30,"byg:jacaranda_boat":8,"minecraft:raw_copper":1574,"iceandfire:sea_serpent_scales_teal":1,"minecraft:sticky_piston":5,"minecraft:sea_pickle":14,"create:mechanical_press":2,"minecraft:smooth_stone":15,"minecraft:bucket":2,"minecraft:cobblestone_slab":51,"minecraft:calcite":48,"iceandfire:dragonscales_red":42,"minecraft:furnace":7,"minecraft:tipped_arrow":61,"iceandfire:pixie_dust":31,"minecraft:stick":61845,"iceandfire:ghost_chest":2,"create:mechanical_mixer":2,"createaddition:electric_motor":2,"minecraft:oak_fence":18,"minecraft:torch":230,"minecraft:porkchop":37,"minecraft:pointed_dripstone":237,"minecraft:diorite":224,"create:schematicannon":5,"create:large_cogwheel":5,"minecraft:rotten_flesh":200,"byg:embur_gel_ball":11,"minecraft:fire_coral_fan":2,"minecraft:obsidian":25,"minecraft:cobblestone":3783,"byg:polished_soapstone":1,"create:fluid_tank":5,"minecraft:andesite":546,"minecraft:golden_leggings":2,"minecraft:potato":71,"create:raw_zinc":508,"byg:orchard_sapling":354,"minecraft:wither_skeleton_skull":1,"minecraft:lapis_lazuli":89,"minecraft:dirt":2600,"iceandfire:dragonscales_bronze":28,"minecraft:polished_granite":1,"createaddition:alternator":22,"minecraft:glass":36,"minecraft:bone":137,"iceandfire:myrmex_jungle_resin":21,"byg:soapstone_brick_stairs":2,"minecraft:bow":7,"minecraft:wheat_seeds":721,"minecraft:orange_tulip":1,"minecraft:raw_gold":152,"minecraft:bell":1,"minecraft:bamboo":128,"byg:cherry_door":1,"minecraft:fletching_table":23,"minecraft:oak_planks":9772,"minecraft:mossy_stone_brick_stairs":4,"minecraft:brain_coral":1,"iceandfire:amphithere_feather":8,"create:radial_chassis":4,"minecraft:cooked_porkchop":20,"create:cogwheel":11,"minecraft:poisonous_potato":1,"minecraft:sand":289,"minecraft:nether_brick_stairs":2,"minecraft:grass_block":4,"byg:magmatic_stone":1,"iceandfire:pixie_wings":1,"minecraft:diamond":40,"minecraft:spruce_boat":2,"minecraft:soul_lantern":6,"minecraft:bone_meal":6,"minecraft:grass":3,"minecraft:golden_apple":1,"minecraft:white_concrete":1,"iceandfire:myrmex_jungle_biolight":2,"minecraft:emerald":398,"minecraft:oak_sapling":14,"minecraft:netherrack":1333,"minecraft:bubble_coral_block":8,"byg:soapstone":225,"minecraft:chicken":2,"minecraft:ladder":18,"byg:tall_pink_allium":2,"minecraft:brown_mushroom":3,"byg:pink_sandstone":10,"minecraft:gold_block":3,"create:schematic_table":2,"createaddition:rolling_mill":2,"minecraft:chain":4,"minecraft:shield":2,"minecraft:oak_trapdoor":8,"minecraft:moss_carpet":1,"create:chute":7,"minecraft:blackstone":5,"byg:pink_sand":15,"create:zinc_ore":3,"byg:redwood_log":1197,"minecraft:oak_boat":29,"byg:pine_stairs":44,"create:basin":1,"minecraft:observer":5,"minecraft:lectern":187,"minecraft:tinted_glass":56,"minecraft:sugar_cane":56,"crittersandcompanions:clam":1,"minecraft:raw_iron":112,"iceandfire:dragonbone":122,"byg:jacaranda_bush":1,"byg:cattail_sprout":4,"create:golden_sheet":39,"minecraft:copper_ingot":805,"iceandfire:deathworm_chitin_red":2,"minecraft:bowl":80,"minecraft:polished_blackstone_bricks":36,"create:windmill_bearing":1,"create:hand_crank":34,"create:zinc_ingot":232,"minecraft:dark_oak_planks":172,"create:deployer":1,"iceandfire:silver_ingot":7,"iceandfire:pixie_jar_0":2,"minecraft:arrow":321,"iceandfire:cyclops_eye":2,"minecraft:nether_bricks":28,"byg:aspen_planks":2,"byg:orange_amaranth":75,"crittersandcompanions:silk":17,"iceandfire:troll_weapon_trunk":1,"byg:rocky_stone":14,"create:empty_schematic":3,"minecraft:netherite_boots":1,"minecraft:air":0,"minecraft:glow_ink_sac":2,"minecraft:leather":64,"byg:lament_sapling":13,"minecraft:birch_planks":209,"iceandfire:pixie_wand":1,"create:andesite_alloy":28,"iceandfire:ectoplasm":15,"minecraft:nether_wart_block":1,"minecraft:yellow_bed":15,"minecraft:cobblestone_wall":51,"minecraft:gunpowder":15,"create:blaze_burner":2,"minecraft:wooden_hoe":1,"byg:firecracker_flower_bush":16,"minecraft:cooked_mutton":1,"createaddition:copper_wire":97,"minecraft:fire_coral_block":7,"byg:lament_planks":4,"byg:allium_flower_bush":1,"minecraft:rabbit_hide":2,"minecraft:iron_ingot":135,"minecraft:cooked_chicken":6,"byg:jacaranda_log":1104,"minecraft:polished_andesite_slab":22,"iceandfire:fire_dragon_flesh":18,"sophisticatedbackpacks:diamond_backpack":1,"minecraft:book":133,"minecraft:scaffolding":404,"minecraft:oak_slab":1,"create:mechanical_bearing":1,"byg:raw_quartz_block":3,"minecraft:emerald_block":33,"minecraft:birch_boat":2,"minecraft:chiseled_stone_bricks":3,"byg:incan_lily":1,"minecraft:quartz":44,"minecraft:dandelion":3,"minecraft:dripstone_block":13,"byg:fairy_slipper":1,"minecraft:lava_bucket":1,"minecraft:amethyst_shard":715,"minecraft:blast_furnace":1,"minecraft:white_bed":37,"minecraft:spider_eye":18,"create:extendo_grip":2,"create:wheat_flour":13,"byg:embur_pedu":2,"minecraft:light_blue_concrete_powder":6,"byg:white_cherry_foliage":1,"minecraft:white_concrete_powder":29,"byg:tall_allium":5,"create:encased_fan":1,"minecraft:iron_helmet":2,"minecraft:mossy_cobblestone_stairs":5,"minecraft:black_wool":8,"byg:redwood_sign":14,"minecraft:coal":254},"minecraft:crafted":{"minecraft:smooth_stone":6,"minecraft:blaze_powder":2,"minecraft:birch_boat":2,"byg:soapstone_tile_slab":2,"sophisticatedbackpacks:magnet_upgrade":1,"byg:soapstone":33,"minecraft:birch_slab":6,"minecraft:lever":2,"sophisticatedbackpacks:crafting_upgrade":2,"create:item_vault":3,"minecraft:bookshelf":57,"create:schematicannon":1,"minecraft:cooked_mutton":19,"minecraft:iron_bars":16,"create:radial_chassis":3,"byg:soapstone_pillar":50,"minecraft:glass":432,"minecraft:diamond_helmet":3,"create:andesite_funnel":2,"minecraft:diamond_leggings":3,"sophisticatedbackpacks:tank_upgrade":2,"create:mechanical_press":2,"create:brass_funnel":4,"create:cogwheel":17,"minecraft:feather":1,"iceandfire:ambrosia":1,"byg:red_maple_sapling":4,"minecraft:wooden_shovel":2,"create:rose_quartz":5,"minecraft:emerald":7553,"minecraft:cooked_porkchop":7,"minecraft:diamond_axe":1,"sophisticatedbackpacks:advanced_feeding_upgrade":1,"byg:rocky_stone":28,"minecraft:sticky_piston":2,"create:encased_chain_drive":13,"create:mechanical_mixer":1,"createaddition:spool":32,"create:gearbox":2,"byg:redwood_planks":834,"create:encased_fan":1,"sophisticatedbackpacks:refill_upgrade":1,"minecraft:stone_brick_stairs":12,"minecraft:lectern":3,"minecraft:wooden_hoe":1,"naturescompass:naturescompass":1,"byg:lament_sapling":8,"minecraft:stone_slab":6,"minecraft:compass":12,"minecraft:iron_block":9,"minecraft:gold_ingot":57,"create:large_cogwheel":8,"create:propeller":1,"minecraft:composter":1,"minecraft:birch_stairs":4,"minecraft:golden_carrot":1,"sophisticatedbackpacks:advanced_refill_upgrade":1,"minecraft:iron_nugget":279,"minecraft:experience_bottle":2,"minecraft:bone_meal":174,"minecraft:white_carpet":81,"sophisticatedbackpacks:advanced_pump_upgrade":1,"minecraft:lantern":156,"minecraft:spruce_slab":42,"minecraft:ender_pearl":20,"minecraft:stone_pickaxe":1,"minecraft:diamond_boots":3,"byg:pine_slab":186,"create:electron_tube":2,"minecraft:dark_oak_planks":112,"byg:redwood_sign":12,"create:belt_connector":1,"create:windmill_bearing":1,"minecraft:wheat":36,"byg:soapstone_bricks":1,"minecraft:dried_kelp":39,"sophisticatedbackpacks:advanced_tool_swapper_upgrade":1,"sophisticatedbackpacks:gold_backpack":3,"byg:pine_boat":1,"minecraft:glowstone":116,"minecraft:enchanted_book":65,"create:mechanical_arm":1,"minecraft:golden_apple":1,"minecraft:flint":10,"sophisticatedbackpacks:stonecutter_upgrade":1,"minecraft:oak_stairs":36,"minecraft:wooden_axe":1,"minecraft:iron_shovel":4,"minecraft:iron_leggings":1,"byg:polished_soapstone":1,"create:shaft":64,"byg:aspen_planks":32,"createaddition:gold_spool":1,"createaddition:capacitor":6,"minecraft:oak_planks":12289,"minecraft:cobblestone_slab":6,"minecraft:barrel":25,"byg:redwood_door":3,"createaddition:rolling_mill":1,"minecraft:stone":21,"byg:pine_planks":748,"create:mechanical_bearing":2,"create:deployer":1,"minecraft:hopper":7,"minecraft:bow":4,"minecraft:iron_boots":1,"create:cart_assembler":1,"monsters_and_girls:jar_terrarium":2,"minecraft:chest":21,"create:spout":1,"byg:redwood_boat":2,"minecraft:stone_bricks":292,"minecraft:oak_fence":21,"minecraft:oak_slab":24,"create:depot":6,"sophisticatedbackpacks:backpack":3,"minecraft:arrow":10,"minecraft:cauldron":6,"minecraft:crafting_table":5,"createaddition:connector":9,"minecraft:spruce_planks":2870,"create:mechanical_saw":2,"create:fluid_pipe":56,"minecraft:wooden_pickaxe":2,"minecraft:iron_helmet":1,"create:sand_paper":1,"minecraft:brewing_stand":2,"minecraft:birch_planks":64,"sophisticatedbackpacks:upgrade_base":12,"minecraft:dispenser":3,"minecraft:dark_oak_slab":90,"sophisticatedbackpacks:xp_pump_upgrade":1,"minecraft:iron_chestplate":1,"minecraft:paper":15,"create:water_wheel":5,"minecraft:diamond_pickaxe":1,"minecraft:emerald_block":88,"minecraft:shield":10,"create:portable_storage_interface":2,"create:super_glue":1,"sophisticatedbackpacks:diamond_backpack":3,"minecraft:stick":28875,"minecraft:light_blue_dye":8,"create:mechanical_pump":6,"minecraft:iron_ingot":58,"minecraft:redstone_torch":8,"create:industrial_iron_block":714,"sophisticatedbackpacks:filter_upgrade":1,"minecraft:shears":2,"sophisticatedbackpacks:advanced_pickup_upgrade":1,"create:empty_blaze_burner":1,"create:chute":4,"byg:jacaranda_planks":60,"minecraft:wooden_sword":2,"minecraft:redstone":68,"minecraft:tripwire_hook":2,"byg:soapstone_brick_slab":588,"create:steam_engine":1,"sophisticatedbackpacks:tool_swapper_upgrade":1,"sophisticatedbackpacks:advanced_magnet_upgrade":1,"minecraft:furnace":2,"minecraft:piston":3,"minecraft:dark_oak_trapdoor":2,"createaddition:copper_spool":8,"create:schematic_table":1,"minecraft:oak_trapdoor":2,"minecraft:white_concrete_powder":8,"byg:blue_spruce_sapling":4,"minecraft:iron_axe":6,"minecraft:slime_ball":12,"create:millstone":1,"create:empty_schematic":1,"create:basin":1,"minecraft:observer":1,"minecraft:minecart":1,"sophisticatedbackpacks:iron_backpack":4,"minecraft:cooked_beef":51,"create:andesite_alloy":21,"create:hand_crank":2,"minecraft:diamond_sword":3,"minecraft:dark_oak_stairs":8,"byg:araucaria_sapling":4,"minecraft:bell":14,"byg:soapstone_brick_stairs":112,"minecraft:bowl":1412,"byg:redwood_slab":90,"byg:indigo_jacaranda_sapling":4,"minecraft:bucket":5,"minecraft:stone_axe":14,"minecraft:bread":12,"minecraft:air":0,"minecraft:blue_dye":16,"sophisticatedbackpacks:pickup_upgrade":1,"minecraft:white_wool":12,"sophisticatedbackpacks:advanced_filter_upgrade":1,"create:whisk":1,"minecraft:gold_nugget":18,"minecraft:white_dye":35,"minecraft:torch":4,"minecraft:lapis_lazuli":36,"byg:pine_stairs":8,"minecraft:diamond_chestplate":3},"minecraft:used":{"create:deployer":5,"byg:jacaranda_log":54,"minecraft:spruce_slab":128,"minecraft:ladder":18,"minecraft:poppy":5,"minecraft:chest":45,"byg:pine_planks":528,"minecraft:stone":504,"minecraft:rotten_flesh":8,"create:fluid_tank":52,"create:mechanical_crafter":88,"create:depot":17,"minecraft:spruce_boat":2,"minecraft:lava_bucket":254,"minecraft:villager_spawn_egg":5,"minecraft:grass_block":4,"minecraft:copper_ore":2,"minecraft:dark_oak_slab":110,"create:zinc_ore":3,"minecraft:stone_brick_stairs":12,"create:andesite_funnel":2,"byg:soapstone_brick_slab":623,"create:steam_engine":36,"minecraft:bow":520,"create:shaft":32,"minecraft:furnace":7,"crittersandcompanions:sea_bunny_bucket":3,"minecraft:oak_sapling":3,"minecraft:potato":78,"minecraft:light_blue_carpet":38,"minecraft:diorite":23,"minecraft:blackstone":5,"minecraft:orange_tulip":1,"minecraft:wooden_pickaxe":3,"minecraft:composter":4,"byg:polished_soapstone":1,"create:spout":4,"minecraft:glow_berries":1,"minecraft:golden_apple":11,"minecraft:dark_oak_trapdoor":2,"minecraft:sand":57,"minecraft:blast_furnace":1,"minecraft:birch_slab":24,"createaddition:gold_spool":6,"minecraft:lectern":192,"minecraft:polished_andesite_slab":7,"byg:leaf_pile":1,"minecraft:soul_lantern":4,"byg:orchard_sapling":963,"byg:ebony_log":1,"minecraft:diamond_sword":619,"minecraft:wooden_sword":11,"create:basin":4,"minecraft:bubble_coral_block":8,"minecraft:oak_trapdoor":12,"byg:soapstone_brick_stairs":114,"minecraft:oak_boat":29,"byg:soapstone_pillar":45,"byg:indigo_jacaranda_sapling":14,"minecraft:iron_bars":9,"create:framed_glass":33,"create:limestone":110,"create:schematic_table":2,"create:vertical_framed_glass_pane":18,"minecraft:tinted_glass":336,"minecraft:netherrack":719,"minecraft:torch":271,"minecraft:brewing_stand":6,"minecraft:anvil":2,"iceandfire:copper_sword":78,"byg:lush_dirt":15,"create:wrench":587,"create:gearbox":4,"minecraft:spruce_button":1,"minecraft:bamboo":4,"minecraft:water_bucket":689,"minecraft:pointed_dripstone":136,"monsters_and_girls:poisonous_stew":4,"minecraft:diamond_chestplate":3,"create:belt_connector":6,"byg:dacite":1,"byg:jacaranda_bush":1,"minecraft:tripwire_hook":3,"minecraft:glowstone":84,"minecraft:calcite":20,"minecraft:cobbled_deepslate":68,"minecraft:barrel":6,"minecraft:smooth_basalt":2,"create:fluid_pipe":188,"minecraft:observer":5,"create:encased_chain_drive":26,"minecraft:horn_coral_fan":1,"sophisticatedbackpacks:gold_backpack":2,"byg:redwood_door":2,"minecraft:wheat_seeds":19,"minecraft:tube_coral_block":8,"minecraft:birch_planks":211,"byg:allium_flower_bush":1,"monsters_and_girls:jar_terrarium":1,"minecraft:cauldron":107,"byg:rocky_stone":24,"minecraft:fletching_table":21,"iceandfire:dragon_skull_lightning":2,"minecraft:cracked_stone_bricks":2,"create:blaze_burner":25,"minecraft:polished_blackstone_bricks":30,"minecraft:rail":39,"byg:lament_sapling":6,"create:encased_fan":5,"minecraft:crafting_table":9,"byg:redwood_log":16,"minecraft:oak_slab":23,"minecraft:white_bed":35,"byg:redwood_trapdoor":10,"minecraft:spruce_log":15,"minecraft:oak_log":145,"minecraft:diamond_pickaxe":12861,"minecraft:cornflower":2,"minecraft:diamond_shovel":2477,"create:water_wheel":24,"create:mechanical_arm":102,"minecraft:crimson_nylium":6,"minecraft:spruce_sapling":237,"minecraft:chiseled_stone_bricks":3,"minecraft:cobblestone":809,"minecraft:cooked_porkchop":12,"minecraft:porkchop":6,"byg:cyan_amaranth":141,"minecraft:stripped_oak_log":2,"minecraft:kelp":29,"minecraft:dandelion":1,"minecraft:diamond_leggings":2,"minecraft:moss_carpet":1,"minecraft:iron_shovel":886,"minecraft:melon":1,"iceandfire:jungle_myrmex_cocoon":1,"byg:stripped_jacaranda_log":2,"create:portable_storage_interface":6,"minecraft:white_concrete_powder":225,"minecraft:shield":44,"minecraft:zombie_spawn_egg":13,"byg:jacaranda_boat":7,"minecraft:bell":1,"minecraft:grass":1,"create:mechanical_bearing":3,"minecraft:iron_chestplate":1,"create:minecart_contraption":5,"create:cogwheel":86,"minecraft:nether_bricks":22,"byg:aspen_planks":3,"byg:magenta_amaranth":85,"minecraft:axolotl_bucket":5,"minecraft:obsidian":25,"minecraft:glass":395,"sophisticatedbackpacks:diamond_backpack":2,"minecraft:coal_ore":21,"byg:pine_boat":1,"byg:orange_amaranth":25,"create:crafting_blueprint":11,"minecraft:iron_helmet":1,"create:millstone":3,"minecraft:crimson_roots":2,"byg:amaranth":107,"minecraft:stone_bricks":350,"createaddition:electric_motor":4,"minecraft:scaffolding":365,"create:mechanical_piston":1,"create:industrial_iron_block":1106,"byg:pink_sand":5,"minecraft:gold_block":1,"minecraft:fire_coral_fan":2,"minecraft:dark_oak_stairs":70,"minecraft:tube_coral_fan":4,"minecraft:diamond_boots":1,"create:crushing_wheel":16,"byg:pine_slab":104,"minecraft:stone_pickaxe":117,"minecraft:oak_planks":191,"minecraft:ender_pearl":15,"minecraft:sugar_cane":17,"minecraft:diamond_axe":1779,"create:mechanical_saw":43,"byg:horseweed":1,"minecraft:brain_coral":1,"minecraft:white_wool":13,"minecraft:light_blue_concrete":38,"byg:pine_stairs":182,"createaddition:rolling_mill":9,"byg:redwood_sign":30,"minecraft:dripstone_block":1,"iceandfire:pixie_jar_0":1,"minecraft:shears":40,"minecraft:sticky_piston":5,"minecraft:lever":14,"byg:redwood_boat":10,"minecraft:melon_slice":2,"minecraft:bread":12,"minecraft:string":42,"minecraft:gravel":12,"create:andesite_casing":3,"byg:purple_amaranth":44,"minecraft:andesite":38,"minecraft:light_blue_concrete_powder":202,"byg:soapstone_tile_slab":2,"create:vertical_gearbox":5,"minecraft:coarse_dirt":1,"minecraft:grindstone":2,"minecraft:bone_meal":407,"create:andesite_bars":10,"minecraft:white_concrete":39,"minecraft:cobweb":6,"create:large_cogwheel":87,"byg:jacaranda_planks":33,"minecraft:oak_fence":35,"byg:redwood_slab":169,"minecraft:flint_and_steel":5,"create:item_vault":3,"byg:soapstone_bricks":2,"minecraft:spruce_planks":8,"minecraft:stone_hoe":1,"minecraft:wooden_shovel":78,"minecraft:cooked_chicken":2,"createaddition:copper_spool":20,"minecraft:oak_door":1,"create:mechanical_pump":17,"minecraft:dirt":1785,"minecraft:diamond_helmet":1,"minecraft:hopper":10,"create:mechanical_mixer":8,"minecraft:white_carpet":41,"createaddition:modular_accumulator":16,"iceandfire:pixie_dust":2,"minecraft:cobblestone_wall":83,"minecraft:granite":194,"create:chute":17,"minecraft:dark_oak_planks":135,"minecraft:bookshelf":34,"minecraft:oak_stairs":149,"create:cart_assembler":8,"create:radial_chassis":4,"minecraft:minecart":3,"minecraft:enchanted_golden_apple":1,"minecraft:cooked_beef":55,"monsters_and_girls:nether_stew":55,"minecraft:iron_leggings":1,"minecraft:brain_coral_block":3,"minecraft:cooked_mutton":31,"byg:white_cherry_foliage":1,"minecraft:iron_ore":2,"createaddition:connector":17,"create:empty_blaze_burner":20,"minecraft:birch_boat":3,"minecraft:cobblestone_slab":76,"byg:fairy_slipper":1,"create:brass_funnel":5,"byg:jacaranda_door":1,"create:schematicannon":3,"minecraft:spider_eye":2,"byg:tall_pink_allium":2,"minecraft:smoker":1,"iceandfire:ambrosia":1,"createaddition:alternator":10,"minecraft:wooden_hoe":11,"create:mechanical_press":21,"create:windmill_bearing":1,"minecraft:apple":543,"byg:soapstone":16,"byg:araucaria_sapling":9,"minecraft:stone_axe":154,"crittersandcompanions:dumbo_octopus_bucket":3,"minecraft:fire_coral_block":7,"byg:redwood_sapling":20,"minecraft:white_banner":1,"byg:redwood_planks":107,"byg:pine_log":92,"minecraft:bucket":765,"minecraft:yellow_bed":15,"minecraft:sea_pickle":14,"create:hand_crank":46,"minecraft:birch_stairs":4,"minecraft:gray_wool":1,"minecraft:smooth_stone":13,"byg:lament_planks":4},"minecraft:dropped":{"byg:cyan_amaranth":224,"minecraft:porkchop":15,"crittersandcompanions:clam":1,"minecraft:glow_ink_sac":2,"minecraft:glass_bottle":3,"minecraft:diamond":3,"minecraft:cooked_porkchop":6,"create:cogwheel":3,"create:incomplete_precision_mechanism":1,"iceandfire:ectoplasm":15,"minecraft:mossy_stone_brick_stairs":4,"minecraft:fletching_table":6,"byg:lush_dirt":14,"minecraft:rail":15,"minecraft:red_mushroom":2,"minecraft:emerald":802,"minecraft:dirt":410,"minecraft:grass":2,"byg:magenta_amaranth":140,"minecraft:dark_oak_trapdoor":4,"minecraft:netherite_boots":1,"minecraft:chain":4,"minecraft:wooden_sword":1,"minecraft:gold_nugget":12,"minecraft:bone_meal":3,"byg:jacaranda_log":431,"minecraft:sand":128,"byg:embur_gel_ball":11,"iceandfire:myrmex_resin_jungle":3,"minecraft:white_wool":10,"minecraft:birch_stairs":1,"minecraft:bone":10,"minecraft:oak_door":2,"minecraft:stone_axe":14,"minecraft:compass":37,"minecraft:emerald_block":33,"minecraft:ancient_debris":2,"minecraft:cooked_chicken":4,"minecraft:polished_andesite_slab":15,"minecraft:iron_nugget":269,"minecraft:golden_chestplate":2,"minecraft:cobbled_deepslate":9,"minecraft:wheat":17,"byg:jacaranda_planks":32,"minecraft:rotten_flesh":217,"minecraft:oak_planks":267,"minecraft:white_bed":7,"minecraft:tipped_arrow":36,"iceandfire:ghost_chest":2,"byg:pink_sand":5,"byg:rocky_stone":18,"minecraft:coal_ore":3,"minecraft:jungle_log":1,"create:wrench":1,"minecraft:ladder":6,"create:limestone":15,"minecraft:leather_leggings":3,"minecraft:glass":400,"minecraft:lectern":1,"iceandfire:manuscript":10,"minecraft:egg":1,"minecraft:iron_ingot":183,"byg:polished_soapstone":1,"minecraft:wheat_seeds":703,"minecraft:dripstone_block":12,"minecraft:oak_fence":4,"minecraft:iron_helmet":3,"minecraft:feather":9,"minecraft:cobblestone":1572,"minecraft:book":61,"minecraft:apple":7831,"minecraft:granite":445,"byg:white_puffball_cap":4,"minecraft:coal":21,"minecraft:golden_apple":1,"minecraft:oxeye_daisy":1,"minecraft:lava_bucket":5,"minecraft:cobweb":12,"byg:orchard_sapling":198,"minecraft:wooden_hoe":3,"minecraft:diamond_helmet":7,"minecraft:oak_stairs":1,"byg:incan_lily":1,"create:vertical_framed_glass_pane":2,"byg:soapstone_bricks":2,"minecraft:mossy_cobblestone_stairs":5,"minecraft:smooth_stone":2,"minecraft:iron_shovel":3,"minecraft:string":7,"minecraft:lily_pad":2,"create:raw_zinc":533,"iceandfire:dragon_skull_fire":3,"minecraft:spruce_sapling":1,"byg:pink_allium":3,"minecraft:bricks":7,"minecraft:cobblestone_wall":1,"minecraft:bowl":945,"minecraft:chicken":2,"minecraft:clay_ball":76,"minecraft:iron_boots":1,"byg:flowering_indigo_jacaranda_bush":2,"create:copper_sheet":169,"minecraft:nether_bricks":6,"minecraft:shears":2,"crittersandcompanions:silk":4,"minecraft:light_blue_dye":1,"minecraft:diamond_sword":3,"minecraft:big_dripleaf":2,"minecraft:cobblestone_slab":3,"minecraft:stone":607,"byg:redwood_door":1,"createaddition:copper_wire":63,"minecraft:spruce_planks":208,"create:zinc_ingot":87,"minecraft:diamond_pickaxe":4,"iceandfire:silver_ingot":7,"create:hand_crank":1,"byg:amaranth":156,"minecraft:barrel":63,"minecraft:stone_bricks":13,"minecraft:spider_eye":16,"minecraft:bow":7,"minecraft:bell":2,"byg:raw_quartz_block":3,"monsters_and_girls:nether_stew":22,"iceandfire:dragon_skull_lightning":1,"minecraft:black_wool":3,"minecraft:nether_brick_stairs":2,"minecraft:crimson_nylium":7,"minecraft:brown_mushroom":3,"minecraft:moss_block":2,"minecraft:birch_planks":1,"minecraft:oak_log":64,"byg:pine_log":73,"byg:red_rock":1,"iceandfire:fire_dragon_flesh":9,"minecraft:lantern":96,"byg:redwood_sign":5,"byg:jacaranda_bookshelf":1,"byg:overgrown_stone":1,"minecraft:birch_slab":7,"iceandfire:graveyard_soil":7,"minecraft:flint":26,"byg:white_puffball_spores":6,"iceandfire:pixie_jar_empty":5,"minecraft:mutton":11,"byg:embur_gel_branch":1,"minecraft:crimson_roots":3,"iceandfire:dragonscales_red":21,"minecraft:amethyst_shard":2,"minecraft:polished_blackstone_bricks":6,"minecraft:cauldron":16,"minecraft:gold_ingot":57,"minecraft:gravel":576,"byg:embur_pedu":2,"minecraft:soul_lantern":2,"minecraft:pointed_dripstone":125,"minecraft:fern":8,"byg:pine_planks":3,"byg:pink_sandstone":10,"minecraft:carrot":1,"byg:yellow_daffodil":1,"minecraft:poppy":29,"minecraft:rabbit_hide":2,"iceandfire:pixie_dust":3,"minecraft:chest":1,"create:brass_ingot":18,"iceandfire:pixie_wand":1,"byg:lollipop_flower":1,"create:industrial_iron_block":1,"minecraft:iron_bars":74,"minecraft:arrow":402,"minecraft:white_concrete_powder":44,"minecraft:scaffolding":56,"minecraft:polished_granite":1,"minecraft:netherrack":254,"create:andesite_alloy":9,"byg:cattail_sprout":4,"minecraft:water_bucket":2,"byg:jacaranda_sapling":6,"create:mechanical_saw":1,"minecraft:diamond_leggings":4,"minecraft:poisonous_potato":1,"minecraft:amethyst_block":162,"minecraft:copper_ingot":623,"iceandfire:cyclops_eye":1,"minecraft:tropical_fish":1,"iceandfire:lightning_dragon_flesh":12,"iceandfire:pixie_jar_0":1,"create:schematicannon":2,"minecraft:stick":3833,"byg:redwood_slab":38,"minecraft:diorite":124,"minecraft:torch":48,"iceandfire:myrmex_jungle_biolight":2,"byg:soapstone":77,"minecraft:nether_wart_block":1,"minecraft:melon_slice":2,"minecraft:iron_leggings":1,"create:piston_extension_pole":2,"minecraft:iron_axe":6,"iceandfire:pixie_wings":1,"monsters_and_girls:jar_terrarium":2,"minecraft:bucket":4,"byg:purple_amaranth":80,"minecraft:tripwire_hook":4,"byg:redwood_trapdoor":2,"minecraft:redstone":57,"minecraft:smooth_basalt":2,"iceandfire:dragonscales_bronze":14,"minecraft:dandelion":2,"iceandfire:dragonbone":61,"create:shaft":2,"iceandfire:lightning_dragon_heart":1,"minecraft:raw_copper":1674,"minecraft:raw_iron":20,"iceandfire:witherbone":4,"byg:tall_allium":5,"byg:redwood_log":1753,"iceandfire:silver_ore":2,"iceandfire:myrmex_jungle_resin":1,"byg:indigo_jacaranda_sapling":1,"byg:jacaranda_boat":1,"minecraft:copper_ore":2,"minecraft:shield":10,"minecraft:diamond_chestplate":5,"byg:soapstone_tile_slab":4,"iceandfire:dragonscales_amythest":66,"minecraft:iron_chestplate":1,"minecraft:andesite":244,"minecraft:golden_leggings":2,"byg:flowering_jacaranda_bush":1,"minecraft:oak_sapling":11,"minecraft:diamond_boots":2,"minecraft:spruce_log":350,"byg:orange_amaranth":50,"iceandfire:fire_dragon_heart":3,"minecraft:stone_pickaxe":1,"minecraft:raw_gold":3,"minecraft:calcite":28,"byg:magmatic_stone":1,"minecraft:amethyst_cluster":35,"create:golden_sheet":75},"minecraft:custom":{"minecraft:interact_with_crafting_table":63,"minecraft:open_barrel":25,"minecraft:bell_ring":51,"minecraft:leave_game":50,"minecraft:time_since_death":2936900,"minecraft:damage_blocked_by_shield":1305,"minecraft:play_time":2937174,"minecraft:jump":31968,"minecraft:interact_with_furnace":121,"minecraft:traded_with_villager":3941,"minecraft:sleep_in_bed":69,"minecraft:damage_dealt":75823,"minecraft:interact_with_smithing_table":2,"minecraft:interact_with_smoker":2,"minecraft:use_cauldron":1,"minecraft:interact_with_anvil":42,"minecraft:inspect_hopper":12,"minecraft:sneak_time":170267,"minecraft:interact_with_blast_furnace":1,"minecraft:total_world_time":2937174,"minecraft:interact_with_stonecutter":8,"minecraft:time_since_rest":270470,"minecraft:swim_one_cm":513334,"minecraft:open_chest":795,"minecraft:fly_one_cm":6310644,"minecraft:fall_one_cm":1018718,"minecraft:damage_resisted":427,"minecraft:sprint_one_cm":3640639,"minecraft:drop":1178,"minecraft:talked_to_villager":1327,"minecraft:walk_on_water_one_cm":321888,"minecraft:crouch_one_cm":499114,"minecraft:mob_kills":429,"minecraft:fill_cauldron":2,"minecraft:climb_one_cm":175143,"minecraft:walk_one_cm":6368071,"minecraft:walk_under_water_one_cm":519304,"minecraft:boat_one_cm":20136,"minecraft:raid_trigger":1,"minecraft:interact_with_grindstone":7,"minecraft:damage_taken":20122,"minecraft:damage_absorbed":525}},"DataVersion":3120}