{"stats":{"minecraft:used":{"create:deployer":11,"create:brass_casing":1,"minecraft:poppy":5,"minecraft:stone":722,"minecraft:rotten_flesh":8,"minecraft:soul_sand":3,"minecraft:spruce_boat":2,"minecraft:lava_bucket":280,"minecraft:villager_spawn_egg":5,"byg:blue_enchanted_planks":1,"minecraft:dark_oak_slab":135,"create:zinc_ore":3,"create:rope_pulley":3,"minecraft:bow":914,"create:shaft":121,"create:steam_engine":37,"minecraft:oak_sapling":3,"byg:white_cherry_sapling":4,"minecraft:blackstone":5,"minecraft:wooden_pickaxe":3,"minecraft:composter":4,"byg:polished_soapstone":1,"minecraft:golden_apple":11,"minecraft:glow_berries":1,"minecraft:blast_furnace":1,"minecraft:birch_slab":24,"create:powered_toggle_latch":5,"minecraft:diamond_sword":1096,"create:basin":8,"minecraft:oak_boat":29,"minecraft:oak_trapdoor":12,"minecraft:enchanting_table":1,"byg:pine_sign":6,"create:schematic_table":3,"minecraft:tinted_glass":377,"minecraft:torch":748,"minecraft:brewing_stand":6,"byg:lush_dirt":15,"monsters_and_girls:poisonous_stew":4,"minecraft:barrel":13,"minecraft:bamboo":4,"minecraft:diamond_chestplate":3,"byg:jacaranda_bush":1,"byg:pink_cherry_sapling":38,"create:fluid_pipe":290,"byg:pine_trapdoor":4,"create:belt_connector":40,"minecraft:horn_coral_fan":1,"sophisticatedbackpacks:gold_backpack":2,"minecraft:calcite":20,"minecraft:wheat_seeds":19,"minecraft:tube_coral_block":8,"minecraft:birch_planks":211,"create:brass_tunnel":1,"byg:stripped_cherry_log":1,"minecraft:cauldron":107,"byg:rocky_stone":24,"create:framed_glass_trapdoor":96,"create:blaze_burner":28,"byg:lament_sapling":6,"minecraft:rail":74,"minecraft:white_bed":35,"byg:redwood_trapdoor":10,"minecraft:campfire":4,"minecraft:spruce_log":15,"minecraft:diamond_pickaxe":17932,"minecraft:diamond_shovel":2748,"byg:skyris_planks":26,"create:mechanical_arm":117,"minecraft:spruce_sapling":237,"minecraft:potion":1,"minecraft:cooked_porkchop":12,"minecraft:porkchop":6,"create:clutch":1,"minecraft:stripped_oak_log":3,"create:redstone_link":13,"minecraft:dandelion":1,"minecraft:diamond_leggings":2,"minecraft:moss_carpet":1,"minecraft:melon":1,"iceandfire:jungle_myrmex_cocoon":1,"create:portable_storage_interface":6,"minecraft:grass":1,"byg:maple_planks":4,"minecraft:soul_campfire":1,"create:cogwheel":153,"byg:magenta_amaranth":90,"minecraft:obsidian":42,"byg:pine_boat":1,"byg:amaranth":107,"minecraft:gold_block":1,"minecraft:tube_coral_fan":4,"minecraft:diamond_boots":2,"create:crushing_wheel":20,"byg:pine_slab":221,"minecraft:stone_pickaxe":117,"minecraft:oak_planks":192,"minecraft:sugar_cane":17,"minecraft:diamond_axe":2703,"create:mechanical_saw":50,"minecraft:white_wool":13,"byg:horseweed":1,"minecraft:light_blue_concrete":38,"minecraft:sticky_piston":5,"minecraft:lever":33,"minecraft:bread":12,"create:andesite_casing":3,"minecraft:light_blue_concrete_powder":202,"byg:stripped_pine_log":30,"create:vertical_gearbox":35,"minecraft:coarse_dirt":1,"minecraft:bone_meal":531,"create:large_cogwheel":148,"byg:jacaranda_planks":33,"byg:holly_log":1,"sophisticatedbackpacks:iron_backpack":2,"minecraft:flint_and_steel":22,"minecraft:redstone":2,"byg:soapstone_bricks":48,"minecraft:stone_hoe":23,"minecraft:cooked_chicken":2,"iceandfire:silver_ore":1,"minecraft:dirt":1805,"create:mechanical_mixer":13,"byg:pink_cherry_foliage":4,"minecraft:brown_terracotta":4,"minecraft:oak_stairs":149,"byg:skyris_log":3,"minecraft:minecart":21,"minecraft:cooked_beef":55,"minecraft:enchanted_golden_apple":1,"minecraft:iron_leggings":1,"create:gearshift":2,"byg:white_cherry_foliage":2,"minecraft:red_nether_bricks":1,"minecraft:birch_boat":3,"create:brass_funnel":21,"byg:red_oak_leaves":2,"byg:jacaranda_door":1,"minecraft:spider_eye":2,"byg:tall_pink_allium":2,"minecraft:wooden_hoe":11,"minecraft:flower_pot":2,"iceandfire:ambrosia":2,"byg:zelkova_log":15,"create:mechanical_press":28,"minecraft:stone_axe":154,"minecraft:fire_coral_block":7,"byg:redwood_sapling":20,"byg:redwood_planks":107,"byg:pine_log":98,"minecraft:sea_pickle":14,"minecraft:gray_wool":1,"minecraft:birch_stairs":4,"byg:jacaranda_log":54,"minecraft:spruce_slab":128,"minecraft:ladder":18,"minecraft:chest":57,"byg:pine_planks":1600,"create:fluid_tank":70,"create:mechanical_crafter":118,"create:depot":39,"minecraft:grass_block":4,"createaddition:electrum_spool":26,"minecraft:copper_ore":2,"minecraft:stone_brick_stairs":12,"create:andesite_funnel":14,"byg:soapstone_brick_slab":626,"create:stockpile_switch":2,"create:rotation_speed_controller":3,"minecraft:furnace":9,"crittersandcompanions:sea_bunny_bucket":4,"minecraft:potato":78,"byg:blue_enchanted_log":1,"minecraft:light_blue_carpet":38,"minecraft:diorite":61,"cfm:magenta_sofa":2,"minecraft:orange_tulip":1,"byg:cherry_planks":41,"create:spout":4,"minecraft:dark_oak_trapdoor":2,"minecraft:sand":59,"createaddition:gold_spool":8,"minecraft:stone_button":1,"minecraft:lectern":192,"byg:leaf_pile":1,"minecraft:polished_andesite_slab":7,"byg:orchard_sapling":963,"minecraft:soul_lantern":4,"byg:ebony_log":1,"minecraft:wooden_sword":11,"minecraft:bubble_coral_block":8,"byg:soapstone_brick_stairs":114,"byg:soapstone_pillar":155,"byg:indigo_jacaranda_sapling":14,"create:framed_glass":34,"cfm:stripped_birch_chair":2,"minecraft:iron_bars":9,"create:limestone":111,"create:vertical_framed_glass_pane":18,"minecraft:netherrack":806,"minecraft:anvil":3,"iceandfire:copper_sword":78,"create:wrench":1782,"create:gearbox":21,"minecraft:spruce_button":1,"minecraft:smooth_basalt":2,"create:encased_chain_drive":104,"minecraft:tripwire_hook":3,"minecraft:glowstone":89,"minecraft:cobbled_deepslate":72,"minecraft:observer":5,"minecraft:pointed_dripstone":139,"byg:dacite":1,"byg:redwood_door":2,"minecraft:water_bucket":737,"byg:allium_flower_bush":1,"byg:cherry_log":446,"minecraft:fletching_table":21,"monsters_and_girls:jar_terrarium":1,"iceandfire:dragon_skull_lightning":2,"minecraft:cracked_stone_bricks":2,"minecraft:polished_blackstone_bricks":30,"create:encased_fan":18,"minecraft:crafting_table":10,"byg:redwood_log":16,"minecraft:oak_slab":23,"create:filter":1,"minecraft:oak_log":209,"minecraft:cornflower":2,"create:water_wheel":36,"minecraft:crimson_nylium":6,"minecraft:chiseled_stone_bricks":4,"minecraft:cobblestone":1302,"byg:cyan_amaranth":141,"minecraft:glass_pane":13,"minecraft:kelp":30,"iceandfire:tide_trident":356,"minecraft:iron_shovel":886,"byg:stripped_jacaranda_log":2,"minecraft:white_concrete_powder":225,"minecraft:shield":44,"minecraft:zombie_spawn_egg":13,"byg:jacaranda_boat":7,"minecraft:bell":1,"create:mechanical_bearing":3,"minecraft:iron_chestplate":1,"create:minecart_contraption":24,"minecraft:nether_bricks":103,"byg:aspen_planks":3,"minecraft:tuff":1,"minecraft:axolotl_bucket":5,"create:metal_girder":7,"create:speedometer":4,"minecraft:glass":418,"sophisticatedbackpacks:diamond_backpack":4,"minecraft:coal_ore":21,"byg:orange_amaranth":25,"create:crafting_blueprint":11,"minecraft:iron_helmet":1,"create:millstone":3,"minecraft:crimson_roots":2,"minecraft:stone_bricks":372,"byg:rainbow_eucalyptus_planks":4,"createaddition:electric_motor":27,"minecraft:redstone_lamp":2,"minecraft:scaffolding":365,"create:mechanical_piston":1,"create:industrial_iron_block":1346,"byg:pink_sand":5,"minecraft:fire_coral_fan":2,"minecraft:dark_oak_stairs":70,"minecraft:dark_oak_sign":1,"minecraft:ender_pearl":28,"minecraft:brain_coral":1,"byg:pine_stairs":300,"createaddition:rolling_mill":13,"byg:redwood_sign":30,"minecraft:dripstone_block":1,"iceandfire:pixie_jar_0":1,"minecraft:shears":41,"minecraft:redstone_torch":3,"byg:redwood_boat":10,"minecraft:heavy_weighted_pressure_plate":5,"minecraft:melon_slice":2,"minecraft:string":42,"cfm:stripped_dark_oak_coffee_table":3,"minecraft:gravel":23,"byg:soapstone_tile_slab":2,"minecraft:grindstone":2,"minecraft:andesite":58,"create:stressometer":13,"byg:purple_amaranth":44,"create:andesite_bars":10,"minecraft:white_concrete":39,"minecraft:cobweb":6,"minecraft:oak_fence":35,"create:clipboard":99,"byg:redwood_slab":169,"byg:cherry_button":1,"create:item_vault":30,"byg:cherry_trapdoor":4,"minecraft:spruce_planks":8,"minecraft:wooden_shovel":78,"createaddition:copper_spool":220,"minecraft:oak_door":1,"create:mechanical_pump":38,"minecraft:white_carpet":41,"minecraft:hopper":13,"iceandfire:pixie_dust":2,"createaddition:modular_accumulator":72,"minecraft:cobblestone_wall":83,"minecraft:diamond_helmet":1,"minecraft:granite":204,"create:chute":24,"minecraft:dark_oak_planks":135,"minecraft:bookshelf":35,"create:cart_assembler":33,"create:radial_chassis":4,"monsters_and_girls:nether_stew":207,"minecraft:brain_coral_block":3,"minecraft:cooked_mutton":31,"minecraft:iron_ore":6,"createaddition:connector":140,"create:empty_blaze_burner":20,"minecraft:polished_andesite":1,"minecraft:cobblestone_slab":76,"byg:fairy_slipper":1,"create:schematicannon":8,"minecraft:smoker":1,"createaddition:alternator":33,"minecraft:apple":543,"create:windmill_bearing":1,"byg:soapstone":16,"byg:araucaria_sapling":30,"crittersandcompanions:dumbo_octopus_bucket":3,"minecraft:white_banner":1,"byg:warped_soul_soil":1,"minecraft:bucket":824,"minecraft:yellow_bed":15,"create:hand_crank":58,"minecraft:smooth_stone":13,"byg:rainbow_eucalyptus_log":1,"byg:lament_planks":4},"minecraft:mined":{"byg:maple_log":28,"minecraft:white_bed":34,"create:copper_casing":2,"minecraft:fire_coral_wall_fan":2,"minecraft:red_nether_bricks":5,"minecraft:granite":757,"create:rotation_speed_controller":1,"minecraft:spawner":123,"minecraft:polished_blackstone_bricks":36,"byg:redwood_planks":86,"minecraft:mossy_cobblestone_stairs":18,"minecraft:dark_oak_trapdoor":2,"create:speedometer":1,"minecraft:fire":46,"minecraft:barrel":9,"minecraft:cobbled_deepslate":12,"minecraft:fletching_table":23,"minecraft:deepslate_lapis_ore":4,"minecraft:nether_brick_stairs":19,"byg:soapstone_bricks":5,"byg:pink_sand":10,"cfm:stripped_birch_chair":2,"create:mechanical_press":6,"minecraft:tripwire":26,"byg:dacite":1,"create:cogwheel":5,"byg:soapstone_pillar":84,"minecraft:kelp_plant":89,"minecraft:crimson_nylium":61,"byg:golden_spined_cactus":1,"minecraft:torch":101,"minecraft:melon":8,"minecraft:sugar_cane":29,"minecraft:bricks":6,"byg:magmatic_stone":1,"minecraft:amethyst_block":116,"create:basin":1,"minecraft:white_terracotta":3,"byg:soapstone":679,"create:portable_storage_interface":4,"createaddition:electric_motor":1,"byg:cyan_amaranth":115,"sophisticatedbackpacks:diamond_backpack":1,"minecraft:tinted_glass":58,"byg:lament_planks":4,"minecraft:grass":449,"minecraft:infested_mossy_stone_bricks":1,"create:vertical_framed_glass_pane":4,"byg:araucaria_sapling":3,"minecraft:smooth_basalt":5,"minecraft:deepslate":241,"create:zinc_ore":186,"byg:clover_patch":7,"byg:pine_stairs":70,"minecraft:mossy_cobblestone":50,"minecraft:dark_oak_log":30,"create:fluid_tank":5,"byg:aspen_log":17,"byg:flower_patch":2,"create:encased_fan":4,"create:mechanical_arm":3,"minecraft:red_mushroom":1,"minecraft:white_concrete_powder":24,"minecraft:redstone_ore":6,"create:shaft":4,"minecraft:light_blue_concrete_powder":6,"byg:pink_sandstone":10,"minecraft:andesite":984,"minecraft:mossy_stone_brick_stairs":18,"byg:magenta_amaranth":70,"minecraft:cobblestone_slab":51,"minecraft:vine":50,"minecraft:rail":31,"minecraft:brain_coral_wall_fan":1,"create:deployer":4,"byg:soapstone_brick_stairs":2,"minecraft:fire_coral_block":10,"byg:white_puffball":4,"minecraft:oak_slab":1,"minecraft:birch_stairs":1,"byg:pine_slab":6,"minecraft:redstone_block":100,"minecraft:glass_pane":4,"byg:jacaranda_bush":1,"minecraft:soul_sand":6,"minecraft:dandelion":2,"byg:cherry_log":148,"minecraft:cornflower":1,"create:fluid_pipe":9,"create:mechanical_pump":1,"minecraft:campfire":4,"minecraft:tall_grass":23,"minecraft:copper_ore":213,"minecraft:deepslate_gold_ore":63,"minecraft:diorite":532,"create:mechanical_saw":39,"minecraft:red_terracotta":2,"minecraft:coarse_dirt":1,"minecraft:cobblestone_wall":50,"byg:ebony_log":1,"byg:pine_log":14,"byg:embur_gel_block":5,"minecraft:gravel":281,"minecraft:cobweb":16,"minecraft:brown_terracotta":4,"minecraft:stone_bricks":93,"minecraft:gold_ore":15,"minecraft:fern":11,"minecraft:stone_pressure_plate":3,"minecraft:brewing_stand":5,"minecraft:budding_amethyst":1,"byg:silver_maple_leaves":17,"minecraft:white_concrete":1,"minecraft:bubble_coral_fan":1,"minecraft:composter":2,"byg:pink_allium":3,"byg:red_oak_leaves":1,"byg:polished_soapstone":1,"create:asurine":5,"minecraft:pointed_dripstone":21,"minecraft:iron_bars":93,"byg:redwood_trapdoor":11,"minecraft:spruce_slab":79,"byg:tall_prairie_grass":7,"minecraft:deepslate_redstone_ore":64,"create:radial_chassis":4,"minecraft:quartz_block":43,"byg:white_cherry_foliage":2,"create:schematicannon":7,"create:brass_casing":15,"minecraft:nether_quartz_ore":26,"minecraft:oak_planks":20,"minecraft:wall_torch":14,"minecraft:cauldron":4,"byg:pine_planks":350,"minecraft:dark_oak_slab":39,"minecraft:lava_cauldron":1,"byg:overgrown_stone":1,"byg:purple_amaranth":41,"create:industrial_iron_block":234,"minecraft:oak_log":75,"byg:skyris_planks":4,"create:framed_glass_trapdoor":1,"minecraft:dirt":1489,"minecraft:ancient_debris":2,"byg:aspen_planks":2,"minecraft:dark_oak_leaves":7,"minecraft:ladder":10,"byg:zelkova_log":12,"byg:holly_log":1,"minecraft:glow_lichen":3,"minecraft:lever":2,"byg:lollipop_flower":1,"minecraft:tube_coral_wall_fan":4,"byg:blue_enchanted_door":1,"byg:jacaranda_log":38,"create:ochrum":1,"create:depot":6,"minecraft:soul_campfire":2,"minecraft:birch_slab":3,"byg:soapstone_brick_slab":172,"minecraft:spruce_leaves":23,"minecraft:hay_block":4,"minecraft:heavy_weighted_pressure_plate":5,"minecraft:gold_block":4,"minecraft:bookshelf":43,"minecraft:deepslate_iron_ore":135,"crittersandcompanions:silk_cocoon":3,"minecraft:stripped_oak_log":3,"monsters_and_girls:urn_1":41,"minecraft:scaffolding":140,"create:piston_extension_pole":2,"monsters_and_girls:jar_terrarium":1,"byg:indigo_jacaranda_sapling":2,"minecraft:oak_fence":16,"byg:japanese_orchid":1,"byg:redwood_sign":2,"minecraft:birch_planks":22,"byg:lush_dirt":14,"minecraft:sea_pickle":6,"iceandfire:pixie_house_mushroom_red":1,"byg:raw_quartz_block":1,"create:mechanical_crafter":4,"byg:tall_pink_allium":2,"byg:embur_pedu":2,"minecraft:cracked_stone_bricks":30,"minecraft:mossy_stone_bricks":43,"minecraft:dark_oak_planks":41,"create:andesite_casing":66,"minecraft:jungle_leaves":1,"minecraft:obsidian":37,"minecraft:red_sand":4,"minecraft:jungle_log":1,"byg:skyris_log":20,"byg:jacaranda_door":1,"minecraft:coal_block":4,"minecraft:bubble_coral_block":8,"create:belt":1,"minecraft:tube_coral_block":8,"minecraft:hopper":3,"minecraft:chiseled_stone_bricks":10,"minecraft:weeping_vines_plant":6,"minecraft:tall_seagrass":4,"byg:redwood_door":1,"minecraft:sticky_piston":5,"byg:pine_wall_sign":1,"minecraft:enchanting_table":2,"minecraft:dirt_path":33,"minecraft:oak_stairs":51,"byg:rainbow_eucalyptus_leaves":5,"create:veridium":10,"create:limestone":131,"byg:skyris_leaves":4,"minecraft:soul_fire":7,"minecraft:amethyst_cluster":70,"create:mechanical_piston":2,"minecraft:blast_furnace":1,"byg:stripped_cherry_log":4,"minecraft:glass":52,"byg:cherry_door":1,"byg:shelf_fungi":1,"byg:orchard_sapling":70,"iceandfire:crackled_stone":11,"minecraft:wheat":17,"create:mechanical_mixer":3,"byg:jacaranda_planks":25,"minecraft:stone_brick_stairs":7,"create:hand_crank":7,"minecraft:stonecutter":1,"byg:redwood_slab":101,"byg:redwood_log":15,"create:millstone":1,"iceandfire:silver_ore":21,"byg:blue_enchanted_planks":5,"minecraft:nether_bricks":96,"minecraft:crimson_roots":5,"byg:embur_gel_branch":1,"minecraft:moss_block":2,"minecraft:kelp":5,"minecraft:horn_coral_wall_fan":2,"byg:lament_sapling":5,"minecraft:red_sandstone":17,"minecraft:potatoes":40,"byg:stripped_jacaranda_log":2,"create:cart_assembler":2,"create:chute":9,"byg:orange_amaranth":24,"byg:rocky_stone":15,"minecraft:bamboo":10,"minecraft:white_wool":13,"minecraft:brain_coral":2,"createaddition:connector":5,"byg:rainbow_eucalyptus_log":1,"minecraft:observer":5,"cfm:magenta_sofa":2,"create:water_wheel":9,"monsters_and_girls:urn_2":45,"minecraft:big_dripleaf":1,"byg:ebony_leaves":7,"create:redstone_link":1,"create:blaze_burner":2,"byg:green_apple_skyris_leaves":1,"create:gearbox":2,"byg:horseweed":1,"byg:stripped_pine_log":1,"byg:leaf_pile":3,"minecraft:white_carpet":2,"minecraft:spruce_log":28,"byg:red_rock":1,"minecraft:birch_leaves":2,"byg:foxglove":2,"create:crushing_wheel":9,"create:mechanical_bearing":1,"minecraft:dark_oak_sign":1,"minecraft:dripstone_block":23,"byg:tall_allium":5,"byg:pink_cherry_sapling":3,"create:deepslate_zinc_ore":165,"minecraft:spruce_planks":15,"byg:yellow_daffodil":1,"sophisticatedbackpacks:gold_backpack":2,"minecraft:potted_cactus":1,"byg:cattail":1,"minecraft:grass_block":1467,"iceandfire:crackled_cobblestone":9,"minecraft:smooth_stone":13,"minecraft:glowstone":4,"minecraft:iron_ore":100,"cfm:stripped_dark_oak_coffee_table":4,"minecraft:azure_bluet":1,"minecraft:dark_oak_stairs":14,"minecraft:brain_coral_block":14,"createaddition:alternator":2,"minecraft:blackstone":5,"create:steam_engine":1,"iceandfire:myrmex_resin_jungle":4,"minecraft:clay":28,"minecraft:calcite":53,"minecraft:poppy":5,"iceandfire:ghost_chest":2,"minecraft:chest":126,"byg:firecracker_flower_bush":16,"minecraft:cobblestone":355,"byg:holly_berry_leaves":1,"minecraft:iron_door":4,"byg:lush_grass_block":18,"minecraft:seagrass":6,"minecraft:nether_wart_block":3,"minecraft:orange_tulip":1,"create:spout":2,"byg:blue_enchanted_log":1,"minecraft:sand":32,"minecraft:infested_cracked_stone_bricks":1,"create:encased_chain_drive":14,"minecraft:tripwire_hook":2,"minecraft:netherrack":1651,"minecraft:oak_leaves":35,"minecraft:redstone_lamp":1,"minecraft:nether_gold_ore":15,"byg:rainbow_eucalyptus_planks":4,"minecraft:tuff":10,"minecraft:deepslate_diamond_ore":9,"minecraft:oak_door":1,"create:large_cogwheel":6,"minecraft:polished_andesite_slab":14,"minecraft:rooted_dirt":4,"createaddition:rolling_mill":1,"iceandfire:jungle_myrmex_cocoon":1,"minecraft:oak_trapdoor":8,"minecraft:spruce_sapling":30,"minecraft:furnace":9,"create:windmill_bearing":1,"minecraft:bell":1,"byg:redwood_wall_sign":3,"minecraft:stone":8951,"byg:soapstone_tile_slab":2,"minecraft:podzol":32,"byg:cherry_planks":1,"bushierflowers:grown_cornflower":1,"minecraft:crafting_table":6,"byg:flowering_jacaranda_bush":1,"byg:amaranth":85,"create:brass_encased_large_cogwheel":1,"minecraft:lectern":187,"byg:warped_soul_soil":2,"iceandfire:pixie_jar_0":1,"minecraft:lapis_ore":6,"create:schematic_table":2,"minecraft:gray_wool":1,"iceandfire:myrmex_jungle_biolight":1,"minecraft:yellow_bed":17,"minecraft:coal_ore":180,"byg:redwood_sapling":6,"minecraft:polished_andesite":4},"minecraft:crafted":{"minecraft:birch_boat":2,"minecraft:blaze_powder":2,"byg:zelkova_planks":4,"byg:soapstone_tile_slab":2,"create:item_vault":3,"create:schematicannon":1,"byg:soapstone_pillar":577,"create:rotation_speed_controller":4,"create:andesite_funnel":20,"minecraft:diamond_helmet":3,"byg:cherry_planks":240,"create:brass_funnel":22,"create:cogwheel":50,"minecraft:feather":1,"minecraft:redstone_lamp":1,"create:rose_quartz":6,"minecraft:soul_campfire":3,"minecraft:sticky_piston":4,"create:encased_chain_drive":22,"create:mechanical_mixer":2,"create:clutch":3,"minecraft:stone_brick_stairs":12,"minecraft:lectern":3,"minecraft:wooden_hoe":1,"naturescompass:naturescompass":1,"byg:lament_sapling":8,"minecraft:stone_slab":6,"create:large_cogwheel":10,"minecraft:composter":1,"minecraft:golden_carrot":1,"minecraft:iron_nugget":801,"minecraft:experience_bottle":2,"minecraft:lantern":156,"minecraft:stone_pickaxe":1,"create:belt_connector":13,"create:windmill_bearing":1,"byg:soapstone_bricks":65,"sophisticatedbackpacks:advanced_tool_swapper_upgrade":1,"sophisticatedbackpacks:gold_backpack":4,"byg:pine_boat":1,"minecraft:enchanted_book":67,"create:mechanical_arm":1,"minecraft:iron_shovel":4,"create:shaft":96,"createaddition:gold_spool":1,"createaddition:capacitor":6,"minecraft:cobblestone_slab":6,"minecraft:barrel":37,"byg:redwood_door":3,"minecraft:stone":21,"byg:pine_planks":3368,"create:mechanical_bearing":2,"minecraft:heavy_weighted_pressure_plate":1,"byg:pine_trapdoor":30,"create:rope_pulley":1,"minecraft:bow":4,"create:cart_assembler":1,"minecraft:comparator":2,"minecraft:chest":26,"byg:cherry_trapdoor":4,"minecraft:stone_bricks":304,"minecraft:oak_fence":21,"create:depot":19,"byg:rainbow_eucalyptus_planks":4,"minecraft:arrow":10,"minecraft:cauldron":6,"create:fluid_pipe":56,"minecraft:iron_helmet":1,"create:gearshift":1,"sophisticatedbackpacks:upgrade_base":15,"create:stressometer":3,"minecraft:dispenser":3,"sophisticatedbackpacks:xp_pump_upgrade":1,"create:water_wheel":8,"create:portable_storage_interface":2,"create:framed_glass":31,"sophisticatedbackpacks:diamond_backpack":4,"minecraft:stick":28930,"byg:maple_planks":4,"create:mechanical_pump":15,"minecraft:iron_ingot":58,"create:industrial_iron_block":942,"create:chute":4,"minecraft:tripwire_hook":2,"byg:soapstone_brick_slab":588,"sophisticatedbackpacks:tool_swapper_upgrade":1,"minecraft:furnace":2,"minecraft:piston":5,"create:schematic_table":1,"minecraft:oak_trapdoor":2,"minecraft:flint_and_steel":1,"minecraft:white_concrete_powder":8,"byg:blue_spruce_sapling":4,"create:basin":1,"create:gantry_carriage":2,"create:andesite_alloy":78,"byg:araucaria_sapling":4,"iceandfire:tide_green_boots":1,"byg:indigo_jacaranda_sapling":4,"sophisticatedbackpacks:pickup_upgrade":3,"create:whisk":2,"sophisticatedbackpacks:advanced_filter_upgrade":1,"create:gantry_shaft":8,"minecraft:white_dye":36,"create:linear_chassis":3,"minecraft:torch":68,"create:metal_girder":8,"byg:pine_stairs":48,"minecraft:diamond_chestplate":3,"minecraft:smooth_stone":6,"byg:cherry_button":1,"sophisticatedbackpacks:magnet_upgrade":3,"byg:soapstone":481,"minecraft:birch_slab":6,"minecraft:lever":3,"sophisticatedbackpacks:crafting_upgrade":2,"minecraft:bookshelf":58,"minecraft:cooked_mutton":19,"minecraft:iron_bars":16,"create:vertical_gearbox":3,"create:radial_chassis":3,"minecraft:glass":438,"minecraft:diamond_leggings":3,"sophisticatedbackpacks:tank_upgrade":2,"create:mechanical_press":2,"iceandfire:ambrosia":1,"byg:red_maple_sapling":4,"minecraft:wooden_shovel":2,"minecraft:emerald":7553,"minecraft:cooked_porkchop":7,"minecraft:diamond_axe":1,"sophisticatedbackpacks:advanced_feeding_upgrade":1,"byg:rocky_stone":28,"minecraft:copper_ingot":4,"create:redstone_link":10,"createaddition:spool":32,"create:gearbox":17,"byg:redwood_planks":834,"create:encased_fan":1,"sophisticatedbackpacks:refill_upgrade":1,"minecraft:compass":13,"minecraft:iron_block":24,"minecraft:gold_ingot":66,"create:propeller":3,"minecraft:birch_stairs":4,"sophisticatedbackpacks:advanced_refill_upgrade":1,"minecraft:tinted_glass":2,"minecraft:bone_meal":174,"minecraft:white_carpet":81,"sophisticatedbackpacks:advanced_pump_upgrade":1,"minecraft:diamond":2,"sophisticatedbackpacks:advanced_void_upgrade":1,"minecraft:spruce_slab":42,"minecraft:ender_pearl":20,"minecraft:diamond_boots":3,"byg:pine_slab":420,"create:electron_tube":18,"minecraft:dark_oak_planks":112,"byg:redwood_sign":12,"minecraft:wheat":36,"create:brass_tunnel":2,"minecraft:dried_kelp":70,"minecraft:glowstone":116,"create:speedometer":3,"byg:skyris_planks":68,"minecraft:golden_apple":1,"minecraft:flint":10,"sophisticatedbackpacks:stonecutter_upgrade":1,"minecraft:wooden_axe":1,"minecraft:oak_stairs":36,"minecraft:iron_leggings":1,"byg:polished_soapstone":1,"byg:aspen_planks":32,"minecraft:oak_planks":12385,"createaddition:rolling_mill":1,"sophisticatedbackpacks:void_upgrade":1,"create:deployer":1,"minecraft:hopper":7,"minecraft:iron_boots":1,"monsters_and_girls:jar_terrarium":2,"create:spout":1,"byg:redwood_boat":2,"minecraft:oak_slab":24,"sophisticatedbackpacks:backpack":3,"minecraft:crafting_table":5,"minecraft:spruce_planks":2870,"create:mechanical_saw":3,"createaddition:connector":21,"minecraft:wooden_pickaxe":2,"create:sand_paper":1,"minecraft:birch_planks":64,"minecraft:brewing_stand":2,"minecraft:dark_oak_slab":90,"minecraft:iron_chestplate":1,"minecraft:paper":18,"minecraft:diamond_pickaxe":1,"minecraft:emerald_block":88,"minecraft:shield":10,"create:super_glue":1,"minecraft:light_blue_dye":8,"minecraft:redstone_torch":12,"sophisticatedbackpacks:filter_upgrade":1,"minecraft:shears":2,"sophisticatedbackpacks:advanced_pickup_upgrade":1,"create:stockpile_switch":2,"create:empty_blaze_burner":1,"byg:jacaranda_planks":60,"minecraft:wooden_sword":2,"minecraft:redstone":68,"minecraft:coal":18,"create:steam_engine":1,"sophisticatedbackpacks:advanced_magnet_upgrade":2,"minecraft:stone_button":1,"minecraft:dark_oak_trapdoor":2,"createaddition:copper_spool":10,"minecraft:iron_axe":6,"minecraft:slime_ball":14,"create:millstone":1,"create:empty_schematic":1,"minecraft:lime_dye":2,"create:fluid_tank":7,"create:filter":2,"minecraft:minecart":2,"minecraft:observer":1,"sophisticatedbackpacks:iron_backpack":4,"minecraft:cooked_beef":51,"create:hand_crank":3,"minecraft:diamond_sword":3,"minecraft:dark_oak_stairs":8,"minecraft:bell":14,"byg:soapstone_brick_stairs":112,"minecraft:bowl":1412,"byg:redwood_slab":90,"create:powered_toggle_latch":1,"minecraft:bucket":5,"minecraft:stone_axe":14,"minecraft:air":0,"minecraft:bread":12,"minecraft:blue_dye":16,"minecraft:white_wool":14,"minecraft:gold_nugget":18,"minecraft:lapis_lazuli":36},"minecraft:broken":{"minecraft:wooden_shovel":1,"minecraft:iron_shovel":3,"minecraft:stone_pickaxe":1,"minecraft:stone_axe":2,"create:extendo_grip":1,"create:sand_paper":3},"minecraft:killed":{"iceandfire:myrmex_worker":8,"minecraft:iron_golem":6,"minecraft:pillager":86,"minecraft:zombie":222,"iceandfire:myrmex_queen":1,"iceandfire:lightning_dragon":1,"iceandfire:sea_serpent":3,"minecraft:evoker":4,"minecraft:vindicator":5,"iceandfire:cyclops":2,"minecraft:ravager":3,"iceandfire:ghost":5,"minecraft:zombified_piglin":1,"minecraft:witch":3,"minecraft:spider":33,"minecraft:silverfish":5,"minecraft:piglin":12,"minecraft:zombie_villager":3,"monsters_and_girls:tiny_bed_entity":1,"minecraft:sheep":13,"minecraft:trader_llama":3,"minecraft:ghast":1,"iceandfire:pixie":6,"minecraft:vex":2,"minecraft:drowned":4,"iceandfire:deathworm":1,"minecraft:hoglin":10,"iceandfire:myrmex_soldier":3,"minecraft:wither_skeleton":70,"minecraft:villager":11,"monsters_and_girls:spook":8,"minecraft:cave_spider":12,"iceandfire:hippogryph":1,"minecraft:skeleton":130,"iceandfire:cockatrice":1,"minecraft:cow":38,"minecraft:wandering_trader":1,"minecraft:enderman":1,"minecraft:pig":8,"minecraft:creeper":74,"minecraft:stray":100,"minecraft:blaze":167,"iceandfire:fire_dragon":5,"iceandfire:amphithere":1,"iceandfire:troll":1,"minecraft:bat":3},"minecraft:dropped":{"minecraft:iron_sword":4,"minecraft:porkchop":21,"minecraft:glow_ink_sac":5,"minecraft:glass_bottle":7,"minecraft:diamond":41,"minecraft:crafting_table":1,"minecraft:cooked_porkchop":10,"minecraft:weeping_vines":1,"iceandfire:ectoplasm":15,"minecraft:cracked_stone_bricks":41,"byg:lush_dirt":14,"minecraft:red_mushroom":2,"minecraft:emerald":821,"minecraft:gold_block":13,"minecraft:dark_oak_fence":3,"minecraft:dark_oak_trapdoor":4,"minecraft:netherite_boots":1,"minecraft:gold_nugget":31,"minecraft:sand":146,"minecraft:white_wool":11,"minecraft:birch_stairs":1,"minecraft:stone_axe":14,"minecraft:compass":37,"minecraft:ancient_debris":2,"minecraft:iron_nugget":552,"minecraft:cooked_chicken":4,"minecraft:cobbled_deepslate":19,"minecraft:wheat":17,"byg:jacaranda_planks":33,"minecraft:rotten_flesh":561,"minecraft:oak_planks":268,"byg:maple_log":2,"byg:pink_sand":6,"minecraft:coal_ore":5,"byg:rocky_stone":18,"minecraft:jungle_log":1,"minecraft:leather_boots":4,"minecraft:leather_leggings":8,"minecraft:red_nether_bricks":1,"minecraft:glass":401,"minecraft:stone_brick_stairs":3,"iceandfire:manuscript":10,"minecraft:golden_boots":1,"byg:polished_soapstone":1,"minecraft:wheat_seeds":725,"minecraft:dripstone_block":13,"minecraft:book":61,"minecraft:golden_apple":1,"minecraft:coal_block":1,"minecraft:diamond_horse_armor":1,"minecraft:lava_bucket":5,"minecraft:cobweb":13,"byg:orchard_sapling":198,"byg:rainbow_eucalyptus_sapling":1,"minecraft:oak_stairs":1,"minecraft:white_banner":4,"create:vertical_framed_glass_pane":2,"minecraft:smooth_stone":2,"minecraft:chainmail_leggings":7,"minecraft:lily_pad":2,"create:raw_zinc":1120,"minecraft:bricks":7,"create:ochrum":4,"minecraft:clay_ball":122,"byg:warped_soul_soil":1,"minecraft:iron_boots":9,"byg:flowering_indigo_jacaranda_bush":2,"create:copper_sheet":232,"minecraft:shears":3,"minecraft:diamond_sword":5,"minecraft:flower_pot":2,"create:zinc_ingot":119,"createaddition:copper_wire":63,"minecraft:spruce_planks":208,"minecraft:diamond_pickaxe":11,"create:hand_crank":2,"byg:amaranth":156,"minecraft:stone_pressure_plate":1,"minecraft:stone_bricks":19,"minecraft:barrel":63,"minecraft:bow":20,"iceandfire:dragon_skull_lightning":1,"minecraft:nether_brick_stairs":12,"minecraft:soul_sand":150,"minecraft:moss_block":2,"minecraft:oak_log":259,"byg:red_rock":1,"minecraft:leather":4,"minecraft:iron_horse_armor":1,"byg:jacaranda_bookshelf":1,"byg:overgrown_stone":1,"minecraft:birch_slab":7,"byg:white_puffball_spores":6,"iceandfire:pixie_jar_empty":5,"minecraft:mutton":16,"byg:embur_gel_branch":1,"minecraft:cauldron":16,"minecraft:gold_ingot":86,"byg:embur_pedu":2,"byg:zelkova_log":2,"byg:stripped_cherry_log":1,"minecraft:soul_lantern":2,"minecraft:pointed_dripstone":225,"byg:pink_sandstone":10,"minecraft:leather_chestplate":5,"createaddition:electrum_nugget":49,"iceandfire:pixie_dust":7,"byg:blue_rose_bush":3,"minecraft:iron_ore":13,"minecraft:iron_bars":123,"minecraft:white_concrete_powder":44,"minecraft:scaffolding":56,"minecraft:polished_granite":1,"create:andesite_alloy":29,"minecraft:stone_hoe":1,"minecraft:golden_helmet":8,"byg:horseweed":2,"minecraft:amethyst_block":162,"create:zinc_nugget":10,"minecraft:tropical_fish":1,"iceandfire:pixie_jar_0":1,"create:schematicannon":2,"byg:blue_enchanted_planks":4,"create:extendo_grip":1,"minecraft:nether_wart_block":2,"minecraft:melon_slice":2,"minecraft:iron_door":1,"monsters_and_girls:jar_terrarium":2,"iceandfire:pixie_wings":1,"createaddition:rolling_mill":1,"minecraft:tripwire_hook":4,"byg:redwood_trapdoor":2,"minecraft:redstone_block":36,"iceandfire:dragonbone":61,"minecraft:kelp":192,"iceandfire:lightning_dragon_heart":1,"byg:tall_allium":5,"byg:redwood_log":1753,"minecraft:totem_of_undying":5,"byg:jacaranda_boat":1,"createaddition:electrum_sheet":61,"minecraft:copper_ore":12,"byg:soapstone_tile_slab":4,"minecraft:andesite":538,"minecraft:golden_leggings":8,"byg:flowering_jacaranda_bush":1,"minecraft:oak_sapling":11,"minecraft:spruce_log":350,"iceandfire:fire_dragon_heart":3,"create:gearshift":1,"minecraft:amethyst_cluster":35,"minecraft:brick":2,"create:golden_sheet":131,"sophisticatedbackpacks:iron_backpack":1,"byg:cyan_amaranth":227,"crittersandcompanions:clam":2,"minecraft:crossbow":7,"create:copper_nugget":17,"minecraft:rooted_dirt":4,"create:cogwheel":3,"create:incomplete_precision_mechanism":3,"minecraft:mossy_stone_brick_stairs":7,"minecraft:fletching_table":6,"minecraft:saddle":1,"minecraft:rail":15,"minecraft:dirt":585,"minecraft:grass":2,"byg:magenta_amaranth":143,"minecraft:chain":4,"minecraft:wooden_sword":1,"create:powered_toggle_latch":1,"minecraft:bone_meal":52,"byg:jacaranda_log":431,"byg:embur_gel_ball":11,"iceandfire:myrmex_resin_jungle":3,"minecraft:bone":461,"minecraft:oak_door":2,"minecraft:emerald_block":33,"minecraft:polished_andesite_slab":15,"minecraft:golden_chestplate":3,"minecraft:birch_sapling":3,"minecraft:blaze_powder":72,"minecraft:white_bed":7,"byg:cherry_planks":8,"byg:redwood_planks":1,"byg:green_apple":10,"minecraft:tipped_arrow":86,"iceandfire:ghost_chest":2,"minecraft:charcoal":2,"cfm:magenta_sofa":1,"create:wrench":1,"minecraft:ladder":6,"create:limestone":15,"minecraft:lectern":1,"minecraft:egg":1,"minecraft:enchanted_book":2,"minecraft:iron_ingot":226,"minecraft:copper_block":9,"minecraft:oak_fence":4,"minecraft:iron_helmet":10,"minecraft:feather":18,"minecraft:cobblestone":7193,"minecraft:apple":7864,"minecraft:granite":664,"byg:white_puffball_cap":4,"byg:iris":4,"minecraft:chainmail_helmet":4,"minecraft:coal":107,"minecraft:polished_andesite":3,"minecraft:oxeye_daisy":1,"byg:rainbow_eucalyptus_planks":4,"minecraft:wooden_hoe":3,"minecraft:diamond_helmet":11,"createaddition:electrum_ingot":12,"minecraft:dead_bush":1,"byg:incan_lily":1,"minecraft:mossy_cobblestone_stairs":7,"byg:soapstone_bricks":2,"minecraft:iron_shovel":4,"minecraft:paper":4,"minecraft:string":15,"create:andesite_alloy_block":73,"iceandfire:dragon_skull_fire":3,"minecraft:spruce_sapling":1,"byg:pink_allium":3,"minecraft:furnace":2,"minecraft:cobblestone_wall":1,"minecraft:bowl":946,"minecraft:chicken":2,"minecraft:nether_bricks":191,"crittersandcompanions:silk":4,"minecraft:big_dripleaf":2,"minecraft:light_blue_dye":1,"minecraft:potato":2,"minecraft:cobblestone_slab":3,"minecraft:stone":750,"byg:redwood_door":1,"iceandfire:silver_ingot":7,"minecraft:spider_eye":25,"minecraft:bell":2,"byg:raw_quartz_block":3,"monsters_and_girls:nether_stew":53,"minecraft:black_wool":3,"minecraft:crimson_nylium":7,"byg:blueberries":13,"minecraft:brown_mushroom":5,"minecraft:birch_planks":1,"minecraft:diamond_axe":3,"byg:pine_log":1007,"iceandfire:fire_dragon_flesh":9,"minecraft:lantern":96,"byg:begonia":2,"byg:redwood_sign":5,"iceandfire:graveyard_soil":7,"minecraft:flint":94,"minecraft:crimson_roots":3,"iceandfire:dragonscales_red":21,"minecraft:pumpkin_pie":7,"minecraft:amethyst_shard":3,"minecraft:polished_blackstone_bricks":6,"minecraft:birch_log":1,"minecraft:gravel":706,"byg:stripped_blue_enchanted_log":2,"minecraft:fern":8,"byg:pine_planks":6,"minecraft:diamond_shovel":2,"minecraft:carrot":3,"byg:yellow_daffodil":1,"minecraft:chainmail_chestplate":2,"minecraft:chiseled_stone_bricks":3,"minecraft:poppy":29,"minecraft:rabbit_hide":2,"minecraft:gunpowder":42,"minecraft:chest":3,"minecraft:chainmail_boots":7,"iceandfire:pixie_wand":1,"create:brass_ingot":30,"byg:lollipop_flower":1,"create:industrial_iron_block":1,"minecraft:arrow":831,"minecraft:quartz":52,"minecraft:netherrack":314,"byg:cattail_sprout":4,"minecraft:water_bucket":3,"byg:jacaranda_sapling":6,"minecraft:mossy_cobblestone":11,"create:mechanical_saw":3,"byg:osiria_rose":5,"minecraft:diamond_leggings":10,"minecraft:poisonous_potato":1,"minecraft:copper_ingot":724,"iceandfire:cyclops_eye":1,"iceandfire:lightning_dragon_flesh":12,"minecraft:stick":3933,"byg:redwood_slab":38,"create:clipboard":1,"byg:pink_cherry_leaves":4,"minecraft:diorite":273,"minecraft:torch":51,"iceandfire:myrmex_jungle_biolight":2,"byg:soapstone":115,"byg:pine_stairs":25,"minecraft:iron_leggings":9,"create:piston_extension_pole":2,"minecraft:iron_axe":11,"byg:purple_amaranth":80,"minecraft:bucket":5,"iceandfire:dragonscales_bronze":14,"minecraft:dandelion":2,"minecraft:smooth_basalt":3,"minecraft:redstone":57,"create:shaft":66,"create:zinc_block":9,"minecraft:blaze_rod":213,"minecraft:raw_copper":1674,"iceandfire:witherbone":10,"minecraft:raw_iron":448,"iceandfire:silver_ore":12,"iceandfire:myrmex_jungle_resin":1,"byg:indigo_jacaranda_sapling":1,"minecraft:glass_pane":7,"minecraft:shield":19,"create:veridium":10,"minecraft:diamond_chestplate":16,"iceandfire:dragonscales_amythest":66,"minecraft:iron_chestplate":16,"minecraft:mossy_stone_bricks":4,"minecraft:diamond_boots":7,"minecraft:slime_ball":1,"byg:orange_amaranth":50,"minecraft:stone_pickaxe":1,"minecraft:raw_gold":13,"minecraft:calcite":32,"byg:magmatic_stone":1},"minecraft:custom":{"minecraft:interact_with_crafting_table":67,"minecraft:damage_blocked_by_shield":1305,"minecraft:play_time":4557463,"minecraft:jump":45187,"minecraft:interact_with_cartography_table":1,"minecraft:interact_with_smoker":7,"minecraft:interact_with_anvil":44,"minecraft:inspect_hopper":20,"minecraft:time_since_rest":1109005,"minecraft:swim_one_cm":705333,"minecraft:open_chest":1109,"minecraft:damage_resisted":427,"minecraft:talked_to_villager":1342,"minecraft:fill_cauldron":2,"minecraft:damage_dealt_resisted":560,"minecraft:raid_win":1,"minecraft:boat_one_cm":20136,"minecraft:damage_taken":30534,"minecraft:open_barrel":95,"minecraft:bell_ring":51,"minecraft:leave_game":69,"minecraft:time_since_death":4557189,"minecraft:interact_with_furnace":130,"minecraft:traded_with_villager":3944,"minecraft:sleep_in_bed":72,"minecraft:damage_dealt":111715,"minecraft:use_cauldron":1,"minecraft:interact_with_smithing_table":2,"minecraft:damage_dealt_absorbed":344,"minecraft:sneak_time":220642,"minecraft:interact_with_blast_furnace":1,"minecraft:total_world_time":4557463,"minecraft:interact_with_stonecutter":8,"minecraft:fly_one_cm":9805816,"minecraft:fall_one_cm":1495288,"minecraft:sprint_one_cm":5442458,"minecraft:drop":2048,"minecraft:walk_on_water_one_cm":492718,"minecraft:crouch_one_cm":614252,"minecraft:mob_kills":1169,"minecraft:climb_one_cm":183248,"minecraft:walk_one_cm":9720228,"minecraft:walk_under_water_one_cm":731945,"minecraft:raid_trigger":2,"minecraft:interact_with_grindstone":7,"minecraft:damage_absorbed":561,"minecraft:minecart_one_cm":1484},"minecraft:picked_up":{"byg:white_cherry_sapling":36,"iceandfire:copper_sword":1,"byg:lush_dirt":28,"byg:flowering_indigo_jacaranda_bush":25,"create:spout":2,"minecraft:lead":7,"minecraft:enchanted_book":5,"byg:stripped_pine_log":1,"minecraft:string":65,"create:limestone":126,"byg:red_rock":1,"create:piston_extension_pole":4,"byg:soapstone_pillar":60,"minecraft:diamond_leggings":3,"create:cart_assembler":2,"create:powered_toggle_latch":5,"byg:redwood_slab":118,"byg:yellow_daffodil":1,"iceandfire:ambrosia":1,"minecraft:big_dripleaf":2,"create:andesite_casing":66,"cfm:stripped_dark_oak_coffee_table":4,"iceandfire:silver_ore":21,"minecraft:golden_chestplate":4,"minecraft:cauldron":18,"minecraft:horn_coral_fan":1,"create:copper_casing":2,"create:ochrum":4,"byg:soapstone_bricks":7,"minecraft:glowstone":4,"create:crafting_blueprint":11,"minecraft:blaze_rod":169,"minecraft:iron_bars":128,"minecraft:feather":21,"minecraft:cooked_beef":4,"byg:purple_amaranth":124,"minecraft:water_bucket":3,"minecraft:flint":77,"byg:white_puffball_cap":4,"minecraft:stonecutter":1,"minecraft:dark_oak_sign":1,"minecraft:diamond_helmet":6,"create:gearshift":1,"iceandfire:dragon_skull_fire":8,"sophisticatedbackpacks:iron_backpack":5,"iceandfire:lightning_dragon_heart":2,"create:tiled_glass":3,"byg:lament_log":22,"minecraft:polished_andesite":4,"byg:aspen_log":17,"byg:redwood_door":1,"minecraft:lever":15,"minecraft:granite":818,"minecraft:spruce_button":1,"createaddition:copper_rod":24,"iceandfire:troll_leather_forest":10,"minecraft:rooted_dirt":4,"minecraft:crimson_roots":5,"iceandfire:dragon_skull_lightning":4,"minecraft:diamond_pickaxe":14,"create:copper_sheet":82,"sophisticatedbackpacks:gold_backpack":3,"create:mechanical_piston":1,"minecraft:clay_ball":157,"minecraft:leather_leggings":6,"minecraft:redstone_lamp":1,"minecraft:heavy_weighted_pressure_plate":2,"minecraft:cornflower":3,"create:fluid_pipe":9,"minecraft:white_carpet":3,"minecraft:iron_shovel":2,"minecraft:glass_pane":3,"iceandfire:graveyard_soil":9,"byg:zelkova_log":14,"minecraft:poppy":34,"minecraft:spruce_slab":76,"minecraft:minecart":19,"minecraft:birch_sapling":3,"minecraft:copper_ore":34,"minecraft:stone":2214,"byg:lollipop_flower":1,"minecraft:diamond_chestplate":9,"minecraft:hay_block":4,"create:depot":8,"minecraft:totem_of_undying":6,"byg:white_puffball_spores":6,"minecraft:mutton":46,"iceandfire:jungle_myrmex_cocoon":1,"minecraft:rail":49,"minecraft:oxeye_daisy":1,"create:vertical_framed_glass_pane":16,"iceandfire:sea_serpent_fang":14,"minecraft:tripwire_hook":5,"minecraft:fern":8,"cfm:magenta_sofa":5,"minecraft:lily_pad":2,"byg:begonia":2,"iceandfire:myrmex_resin_jungle":4,"byg:magenta_amaranth":174,"minecraft:paper":4,"byg:cyan_amaranth":368,"create:crushing_wheel":16,"minecraft:apple":4270,"minecraft:stone_pickaxe":1,"byg:soapstone_tile_slab":4,"minecraft:iron_ore":27,"minecraft:dark_oak_stairs":47,"minecraft:smooth_basalt":5,"byg:pine_slab":8,"iceandfire:sea_serpent_scales_green":7,"create:millstone":2,"minecraft:diamond_shovel":7,"minecraft:coal_ore":47,"byg:cherry_log":557,"iceandfire:myrmex_jungle_egg":1,"create:portable_storage_interface":4,"minecraft:hopper":3,"create:mechanical_crafter":4,"byg:amaranth":212,"iceandfire:myrmex_jungle_chitin":7,"minecraft:stone_brick_stairs":3,"byg:jacaranda_boat":8,"iceandfire:sea_serpent_scales_teal":1,"minecraft:experience_bottle":21,"minecraft:smooth_stone":15,"byg:blue_enchanted_log":1,"minecraft:bucket":2,"minecraft:cobblestone_slab":51,"iceandfire:dragonscales_red":59,"minecraft:tipped_arrow":85,"iceandfire:ghost_chest":2,"createaddition:electrum_wire":118,"minecraft:diorite":492,"create:large_cogwheel":9,"minecraft:rotten_flesh":456,"byg:blue_enchanted_planks":9,"byg:skyris_planks":4,"minecraft:obsidian":32,"minecraft:cobblestone":9998,"minecraft:enchanting_table":2,"minecraft:leather_chestplate":4,"create:fluid_tank":5,"minecraft:andesite":1047,"minecraft:golden_leggings":3,"minecraft:potato":73,"create:raw_zinc":577,"byg:orchard_sapling":375,"minecraft:dirt":2799,"iceandfire:dragonscales_bronze":50,"minecraft:name_tag":1,"minecraft:glass":64,"minecraft:bone":320,"iceandfire:myrmex_jungle_resin":21,"minecraft:bow":11,"minecraft:wheat_seeds":747,"minecraft:orange_tulip":1,"minecraft:mossy_stone_bricks":4,"minecraft:fletching_table":23,"byg:cherry_door":1,"minecraft:bamboo":128,"iceandfire:amphithere_feather":8,"byg:silver_maple_sapling":5,"minecraft:nether_brick_stairs":12,"minecraft:grass_block":4,"iceandfire:pixie_wings":1,"minecraft:mossy_cobblestone":11,"minecraft:soul_lantern":6,"minecraft:crossbow":5,"minecraft:bone_meal":43,"minecraft:grass":3,"minecraft:golden_apple":1,"minecraft:emerald":509,"minecraft:netherrack":1475,"minecraft:ladder":18,"minecraft:brown_mushroom":5,"create:rotation_speed_controller":1,"byg:pink_sandstone":10,"create:schematic_table":2,"minecraft:chain":4,"minecraft:shield":5,"minecraft:brick":2,"minecraft:moss_carpet":1,"minecraft:oak_trapdoor":8,"minecraft:blackstone":5,"byg:redwood_log":1197,"create:zinc_ore":3,"byg:jacaranda_bush":1,"iceandfire:deathworm_chitin_red":2,"minecraft:polished_blackstone_bricks":36,"create:windmill_bearing":1,"byg:green_apple":10,"create:hand_crank":43,"minecraft:trident":1,"create:zinc_ingot":494,"minecraft:stone_pressure_plate":1,"create:deployer":4,"iceandfire:pixie_jar_0":2,"minecraft:weeping_vines":1,"minecraft:pumpkin_pie":2,"minecraft:nether_bricks":260,"crittersandcompanions:silk":17,"byg:aspen_planks":2,"byg:orange_amaranth":75,"byg:rocky_stone":14,"iceandfire:troll_weapon_trunk":1,"minecraft:netherite_boots":1,"minecraft:leather":64,"iceandfire:pixie_wand":1,"minecraft:chainmail_chestplate":2,"minecraft:yellow_bed":15,"minecraft:cobblestone_wall":51,"minecraft:gunpowder":22,"create:copper_nugget":4,"minecraft:cooked_mutton":1,"byg:rainbow_eucalyptus_log":2,"createaddition:copper_wire":101,"byg:lament_planks":4,"byg:allium_flower_bush":1,"minecraft:rabbit_hide":2,"minecraft:iron_ingot":314,"minecraft:cooked_chicken":6,"byg:jacaranda_log":1104,"minecraft:polished_andesite_slab":22,"iceandfire:fire_dragon_flesh":25,"minecraft:emerald_block":33,"minecraft:quartz":53,"minecraft:dandelion":3,"byg:warped_soul_soil":2,"byg:fairy_slipper":1,"minecraft:lava_bucket":1,"minecraft:amethyst_shard":1023,"byg:holly_log":1,"create:wheat_flour":13,"byg:embur_pedu":2,"byg:skyris_log":20,"minecraft:light_blue_concrete_powder":6,"byg:white_cherry_foliage":5,"minecraft:white_concrete_powder":29,"byg:tall_allium":5,"minecraft:chainmail_leggings":6,"minecraft:mossy_cobblestone_stairs":7,"byg:redwood_sign":14,"minecraft:iron_chestplate":8,"byg:flowering_jacaranda_bush":2,"minecraft:chainmail_boots":3,"minecraft:flower_pot":4,"byg:pink_allium":3,"createaddition:electrum_nugget":38,"minecraft:diamond_sword":2,"minecraft:oak_stairs":77,"minecraft:brewing_stand":6,"byg:rainbow_eucalyptus_sapling":1,"minecraft:amethyst_block":165,"iceandfire:manuscript":10,"minecraft:dark_oak_trapdoor":4,"minecraft:soul_soil":1,"minecraft:red_nether_bricks":2,"byg:pine_log":1516,"create:water_wheel":9,"minecraft:gold_nugget":160,"minecraft:cobbled_deepslate":166,"minecraft:spruce_planks":726,"minecraft:enchanted_golden_apple":1,"minecraft:melon_slice":40,"minecraft:coal_block":3,"minecraft:golden_helmet":4,"minecraft:composter":1,"iceandfire:lightning_dragon_flesh":24,"byg:pink_cherry_leaves":4,"monsters_and_girls:jar_terrarium":1,"create:industrial_iron_block":224,"minecraft:tropical_fish":1,"iceandfire:fire_dragon_heart":8,"create:mechanical_arm":3,"minecraft:birch_log":62,"byg:overgrown_stone":1,"minecraft:iron_door":1,"minecraft:jungle_log":1,"minecraft:birch_slab":3,"byg:red_oak_leaves":1,"byg:embur_gel_branch":1,"byg:stripped_jacaranda_log":2,"byg:soapstone_brick_slab":67,"create:encased_chain_drive":14,"byg:araucaria_sapling":52,"create:shaft":142,"minecraft:moss_block":2,"iceandfire:dragonscales_amythest":49,"byg:jacaranda_planks":70,"minecraft:barrel":72,"minecraft:dark_oak_log":28,"iceandfire:myrmex_stinger":1,"byg:pink_anemone":1,"minecraft:chainmail_helmet":3,"byg:pine_planks":453,"minecraft:bricks":7,"create:precision_mechanism":4,"minecraft:crafting_table":6,"minecraft:coarse_dirt":1,"iceandfire:witherbone":13,"byg:indigo_jacaranda_sapling":74,"iceandfire:sea_serpent_scales_blue":5,"byg:horseweed":3,"minecraft:compass":26,"create:redstone_link":4,"minecraft:cracked_stone_bricks":43,"minecraft:beef":78,"minecraft:iron_nugget":139,"minecraft:chest":19,"minecraft:egg":1,"monsters_and_girls:red_mushroom_hat_helmet":1,"minecraft:oak_door":3,"minecraft:amethyst_cluster":35,"minecraft:carrot":3,"minecraft:redstone":376,"create:brass_casing":15,"create:steam_engine":1,"create:vertical_gearbox":3,"minecraft:tube_coral_fan":4,"minecraft:shears":2,"byg:dacite":1,"minecraft:diamond_boots":4,"minecraft:tube_coral_block":8,"minecraft:gold_ingot":50,"minecraft:glow_berries":12,"minecraft:white_wool":74,"minecraft:stripped_oak_log":3,"create:iron_sheet":79,"create:brass_sheet":12,"byg:jacaranda_sapling":6,"byg:japanese_orchid":1,"minecraft:red_mushroom":2,"create:framed_glass_trapdoor":1,"minecraft:oak_log":553,"byg:leaf_pile":1,"minecraft:ancient_debris":4,"minecraft:golden_boots":1,"cfm:stripped_birch_chair":2,"minecraft:white_banner":10,"iceandfire:pixie_house_mushroom_red":2,"minecraft:kelp":359,"minecraft:stone_bricks":92,"iceandfire:pixie_jar_empty":11,"byg:ebony_log":1,"minecraft:cobweb":19,"minecraft:glass_bottle":8,"minecraft:iron_sword":2,"create:mechanical_saw":40,"minecraft:dark_oak_slab":41,"minecraft:gravel":1016,"minecraft:birch_stairs":10,"minecraft:spruce_sapling":93,"byg:blue_enchanted_door":1,"create:schematic":2,"minecraft:spruce_log":688,"byg:redwood_boat":5,"byg:redwood_sapling":20,"minecraft:stone_axe":2,"byg:jacaranda_door":2,"create:mechanical_pump":2,"minecraft:diamond_axe":5,"minecraft:gray_wool":2,"minecraft:crimson_nylium":13,"minecraft:ender_pearl":5,"minecraft:wheat":18,"minecraft:redstone_block":1,"byg:redwood_trapdoor":8,"byg:redwood_planks":82,"byg:foxglove":2,"minecraft:potion":1,"minecraft:brain_coral_block":12,"monsters_and_girls:spectral_cake":30,"minecraft:raw_copper":1574,"minecraft:iron_leggings":6,"minecraft:sticky_piston":5,"minecraft:sea_pickle":14,"create:mechanical_press":4,"minecraft:redstone_torch":2,"minecraft:calcite":52,"minecraft:furnace":9,"minecraft:iron_boots":4,"iceandfire:pixie_dust":47,"minecraft:stick":61932,"createaddition:electric_motor":4,"create:mechanical_mixer":3,"minecraft:brown_terracotta":4,"minecraft:oak_fence":18,"minecraft:torch":253,"minecraft:porkchop":43,"byg:pine_sign":2,"minecraft:pointed_dripstone":337,"create:schematicannon":9,"minecraft:cactus":1,"byg:embur_gel_ball":11,"byg:stripped_cherry_log":5,"create:veridium":10,"minecraft:fire_coral_fan":2,"create:speedometer":1,"byg:polished_soapstone":1,"minecraft:tuff":1,"minecraft:wither_skeleton_skull":1,"minecraft:lapis_lazuli":89,"minecraft:polished_granite":1,"createaddition:alternator":24,"minecraft:leather_boots":1,"byg:soapstone_brick_stairs":2,"minecraft:raw_gold":182,"minecraft:bell":1,"minecraft:brain_coral":1,"minecraft:oak_planks":9773,"minecraft:mossy_stone_brick_stairs":7,"create:radial_chassis":4,"minecraft:cooked_porkchop":24,"byg:pink_cherry_sapling":86,"create:cogwheel":12,"minecraft:poisonous_potato":1,"minecraft:sand":290,"minecraft:dead_bush":1,"byg:magmatic_stone":1,"minecraft:diamond":40,"minecraft:spruce_boat":2,"byg:cherry_planks":9,"minecraft:white_concrete":1,"iceandfire:myrmex_jungle_biolight":2,"minecraft:oak_sapling":14,"minecraft:bubble_coral_block":8,"minecraft:charcoal":2,"createaddition:connector":5,"byg:soapstone":348,"minecraft:chicken":2,"byg:rainbow_eucalyptus_planks":4,"byg:tall_pink_allium":2,"minecraft:gold_block":4,"minecraft:diamond_horse_armor":1,"createaddition:rolling_mill":3,"minecraft:iron_axe":4,"create:chute":7,"byg:pink_sand":16,"minecraft:oak_boat":29,"byg:pine_stairs":92,"create:basin":2,"minecraft:observer":5,"minecraft:lectern":187,"minecraft:tinted_glass":57,"minecraft:sugar_cane":56,"crittersandcompanions:clam":2,"minecraft:raw_iron":751,"iceandfire:dragonbone":134,"byg:cattail_sprout":4,"minecraft:copper_ingot":805,"create:golden_sheet":40,"minecraft:bowl":80,"minecraft:iron_horse_armor":1,"minecraft:dark_oak_planks":173,"iceandfire:silver_ingot":7,"minecraft:arrow":556,"iceandfire:cyclops_eye":2,"minecraft:saddle":5,"create:empty_schematic":4,"minecraft:air":0,"minecraft:glow_ink_sac":5,"byg:lament_sapling":13,"minecraft:birch_planks":209,"create:andesite_alloy":40,"iceandfire:ectoplasm":15,"minecraft:nether_wart_block":2,"create:blaze_burner":3,"minecraft:wooden_hoe":1,"byg:firecracker_flower_bush":16,"byg:pink_cherry_foliage":4,"minecraft:fire_coral_block":7,"byg:skyris_sapling":3,"byg:stripped_blue_enchanted_log":2,"minecraft:soul_sand":7,"sophisticatedbackpacks:diamond_backpack":1,"minecraft:book":138,"minecraft:oak_slab":1,"minecraft:scaffolding":404,"byg:maple_log":28,"byg:raw_quartz_block":3,"create:mechanical_bearing":1,"minecraft:birch_boat":2,"minecraft:chiseled_stone_bricks":7,"byg:incan_lily":1,"minecraft:dripstone_block":14,"minecraft:blast_furnace":1,"minecraft:white_bed":37,"create:brass_tunnel":7,"minecraft:spider_eye":29,"create:extendo_grip":3,"minecraft:campfire":3,"create:encased_fan":3,"minecraft:iron_helmet":4,"minecraft:black_wool":8,"minecraft:coal":330}},"DataVersion":3120}