{"stats":{"minecraft:broken":{"minecraft:wooden_shovel":1,"minecraft:iron_shovel":3,"minecraft:stone_pickaxe":1,"minecraft:stone_axe":2},"minecraft:killed":{"minecraft:cave_spider":4,"minecraft:skeleton":39,"iceandfire:myrmex_worker":8,"minecraft:iron_golem":6,"iceandfire:cockatrice":1,"minecraft:zombie":71,"iceandfire:myrmex_queen":1,"iceandfire:lightning_dragon":1,"minecraft:cow":38,"iceandfire:sea_serpent":3,"iceandfire:cyclops":1,"iceandfire:ghost":5,"minecraft:enderman":1,"minecraft:spider":16,"minecraft:silverfish":2,"minecraft:piglin":10,"minecraft:pig":8,"minecraft:zombie_villager":3,"minecraft:creeper":16,"minecraft:sheep":13,"minecraft:trader_llama":2,"minecraft:stray":20,"iceandfire:pixie":2,"minecraft:blaze":34,"iceandfire:fire_dragon":3,"minecraft:drowned":2,"iceandfire:amphithere":1,"iceandfire:troll":1,"minecraft:hoglin":7,"iceandfire:myrmex_soldier":3,"minecraft:wither_skeleton":6,"minecraft:villager":11,"monsters_and_girls:spook":8},"minecraft:mined":{"minecraft:dark_oak_planks":40,"minecraft:white_bed":34,"minecraft:fire_coral_wall_fan":2,"create:andesite_casing":22,"minecraft:jungle_leaves":1,"minecraft:obsidian":25,"minecraft:granite":397,"minecraft:jungle_log":1,"byg:jacaranda_door":1,"minecraft:bubble_coral_block":8,"minecraft:tube_coral_block":8,"minecraft:hopper":3,"minecraft:chiseled_stone_bricks":3,"minecraft:spawner":41,"minecraft:weeping_vines_plant":4,"minecraft:polished_blackstone_bricks":36,"minecraft:tall_seagrass":4,"byg:redwood_planks":85,"minecraft:dark_oak_trapdoor":2,"minecraft:mossy_cobblestone_stairs":6,"byg:redwood_door":1,"minecraft:sticky_piston":5,"minecraft:cobbled_deepslate":5,"minecraft:barrel":3,"minecraft:fire":18,"minecraft:deepslate_lapis_ore":4,"minecraft:fletching_table":23,"minecraft:nether_brick_stairs":2,"minecraft:dirt_path":31,"minecraft:oak_stairs":51,"byg:pink_sand":10,"byg:rainbow_eucalyptus_leaves":5,"create:mechanical_press":2,"create:limestone":120,"minecraft:tripwire":26,"byg:dacite":1,"create:cogwheel":3,"minecraft:kelp_plant":1,"minecraft:crimson_nylium":46,"minecraft:soul_fire":6,"minecraft:amethyst_cluster":35,"create:mechanical_piston":2,"minecraft:torch":55,"minecraft:blast_furnace":1,"minecraft:melon":8,"minecraft:glass":34,"byg:cherry_door":1,"minecraft:sugar_cane":29,"minecraft:bricks":6,"byg:shelf_fungi":1,"minecraft:amethyst_block":113,"byg:orchard_sapling":49,"byg:soapstone":38,"create:portable_storage_interface":4,"byg:cyan_amaranth":115,"iceandfire:crackled_stone":11,"sophisticatedbackpacks:diamond_backpack":1,"minecraft:tinted_glass":56,"byg:lament_planks":4,"minecraft:wheat":1,"create:mechanical_mixer":1,"byg:jacaranda_planks":24,"minecraft:stone_brick_stairs":1,"minecraft:infested_mossy_stone_bricks":1,"minecraft:grass":419,"create:vertical_framed_glass_pane":1,"create:hand_crank":2,"minecraft:smooth_basalt":4,"minecraft:stonecutter":1,"byg:redwood_slab":101,"minecraft:deepslate":159,"create:zinc_ore":83,"byg:redwood_log":15,"byg:clover_patch":7,"byg:pine_stairs":44,"iceandfire:silver_ore":9,"minecraft:mossy_cobblestone":14,"minecraft:dark_oak_log":30,"minecraft:nether_bricks":29,"byg:aspen_log":17,"minecraft:crimson_roots":3,"byg:flower_patch":2,"byg:embur_gel_branch":1,"create:encased_fan":1,"minecraft:moss_block":2,"minecraft:red_mushroom":1,"minecraft:horn_coral_wall_fan":2,"minecraft:white_concrete_powder":24,"byg:lament_sapling":5,"minecraft:redstone_ore":6,"create:shaft":1,"minecraft:light_blue_concrete_powder":6,"byg:pink_sandstone":10,"minecraft:andesite":331,"minecraft:mossy_stone_brick_stairs":3,"byg:magenta_amaranth":67,"minecraft:potatoes":40,"minecraft:vine":26,"byg:stripped_jacaranda_log":2,"create:cart_assembler":2,"minecraft:cobblestone_slab":51,"minecraft:rail":30,"create:chute":9,"minecraft:brain_coral_wall_fan":1,"byg:orange_amaranth":24,"minecraft:bamboo":10,"minecraft:brain_coral":1,"minecraft:white_wool":13,"byg:white_puffball":4,"minecraft:fire_coral_block":10,"minecraft:birch_stairs":1,"minecraft:oak_slab":1,"byg:pine_slab":4,"byg:jacaranda_bush":1,"minecraft:observer":5,"minecraft:dandelion":2,"minecraft:cornflower":1,"create:water_wheel":8,"minecraft:copper_ore":158,"minecraft:tall_grass":17,"minecraft:deepslate_gold_ore":55,"monsters_and_girls:urn_2":45,"minecraft:diorite":156,"minecraft:big_dripleaf":1,"byg:ebony_leaves":6,"create:mechanical_saw":31,"minecraft:coarse_dirt":1,"minecraft:cobblestone_wall":50,"byg:horseweed":1,"byg:ebony_log":1,"minecraft:white_carpet":2,"minecraft:spruce_log":28,"byg:leaf_pile":2,"byg:pine_log":5,"create:crushing_wheel":2,"create:mechanical_bearing":1,"byg:embur_gel_block":5,"minecraft:gravel":104,"minecraft:dripstone_block":1,"minecraft:cobweb":16,"minecraft:stone_bricks":69,"byg:tall_allium":5,"minecraft:gold_ore":11,"minecraft:fern":2,"create:deepslate_zinc_ore":87,"minecraft:spruce_planks":15,"minecraft:stone_pressure_plate":1,"byg:yellow_daffodil":1,"sophisticatedbackpacks:gold_backpack":2,"minecraft:brewing_stand":4,"byg:cattail":1,"minecraft:budding_amethyst":1,"minecraft:grass_block":1421,"minecraft:white_concrete":1,"minecraft:bubble_coral_fan":1,"minecraft:composter":2,"byg:pink_allium":3,"iceandfire:crackled_cobblestone":9,"minecraft:smooth_stone":13,"minecraft:glowstone":4,"minecraft:iron_ore":50,"minecraft:azure_bluet":1,"minecraft:dark_oak_stairs":14,"create:asurine":5,"minecraft:pointed_dripstone":8,"minecraft:iron_bars":35,"byg:redwood_trapdoor":11,"minecraft:brain_coral_block":14,"minecraft:spruce_slab":79,"minecraft:deepslate_redstone_ore":30,"create:radial_chassis":4,"minecraft:quartz_block":25,"minecraft:blackstone":5,"iceandfire:myrmex_resin_jungle":4,"byg:white_cherry_foliage":1,"create:schematicannon":2,"minecraft:clay":18,"minecraft:calcite":49,"minecraft:poppy":5,"iceandfire:ghost_chest":2,"minecraft:chest":9,"create:brass_casing":7,"byg:firecracker_flower_bush":9,"minecraft:nether_quartz_ore":21,"minecraft:cobblestone":122,"minecraft:oak_planks":18,"minecraft:wall_torch":3,"byg:lush_grass_block":4,"minecraft:seagrass":6,"byg:pine_planks":105,"minecraft:dark_oak_slab":14,"minecraft:nether_wart_block":1,"byg:overgrown_stone":1,"byg:purple_amaranth":41,"minecraft:orange_tulip":1,"create:industrial_iron_block":158,"minecraft:oak_log":62,"minecraft:dirt":1287,"minecraft:sand":12,"minecraft:infested_cracked_stone_bricks":1,"minecraft:tripwire_hook":2,"minecraft:netherrack":1473,"minecraft:ancient_debris":2,"minecraft:oak_leaves":22,"minecraft:nether_gold_ore":14,"minecraft:tuff":7,"byg:aspen_planks":2,"minecraft:dark_oak_leaves":7,"minecraft:deepslate_diamond_ore":7,"minecraft:oak_door":1,"byg:lollipop_flower":1,"minecraft:glow_lichen":2,"minecraft:lever":1,"minecraft:ladder":10,"minecraft:tube_coral_wall_fan":4,"byg:blue_enchanted_door":1,"byg:jacaranda_log":38,"create:large_cogwheel":3,"minecraft:polished_andesite_slab":14,"minecraft:spruce_leaves":23,"minecraft:hay_block":4,"iceandfire:jungle_myrmex_cocoon":1,"minecraft:oak_trapdoor":8,"minecraft:spruce_sapling":30,"minecraft:furnace":6,"create:windmill_bearing":1,"minecraft:gold_block":3,"minecraft:bell":1,"byg:redwood_wall_sign":3,"minecraft:bookshelf":38,"minecraft:deepslate_iron_ore":15,"crittersandcompanions:silk_cocoon":3,"minecraft:stripped_oak_log":2,"monsters_and_girls:urn_1":41,"minecraft:stone":3853,"minecraft:podzol":31,"minecraft:scaffolding":86,"create:piston_extension_pole":2,"byg:indigo_jacaranda_sapling":2,"bushierflowers:grown_cornflower":1,"minecraft:oak_fence":16,"minecraft:crafting_table":5,"byg:flowering_jacaranda_bush":1,"byg:amaranth":80,"minecraft:lectern":187,"minecraft:lapis_ore":1,"minecraft:birch_planks":22,"create:schematic_table":1,"minecraft:gray_wool":1,"byg:redwood_sign":2,"byg:lush_dirt":1,"minecraft:sea_pickle":6,"iceandfire:myrmex_jungle_biolight":1,"minecraft:yellow_bed":17,"byg:raw_quartz_block":1,"minecraft:coal_ore":106,"create:mechanical_crafter":2,"byg:tall_pink_allium":2,"byg:embur_pedu":2,"minecraft:cracked_stone_bricks":9,"byg:redwood_sapling":6,"minecraft:mossy_stone_bricks":16},"minecraft:picked_up":{"byg:flowering_jacaranda_bush":2,"iceandfire:copper_sword":1,"byg:lush_dirt":4,"byg:flowering_indigo_jacaranda_bush":25,"byg:pink_allium":3,"minecraft:lead":6,"minecraft:diamond_sword":1,"minecraft:oak_stairs":77,"minecraft:enchanted_book":4,"minecraft:brewing_stand":5,"minecraft:amethyst_block":162,"iceandfire:manuscript":10,"minecraft:string":59,"minecraft:dark_oak_trapdoor":4,"create:limestone":119,"create:piston_extension_pole":4,"byg:pine_log":331,"create:water_wheel":8,"minecraft:diamond_leggings":1,"create:cart_assembler":2,"minecraft:gold_nugget":139,"minecraft:cobbled_deepslate":113,"minecraft:spruce_planks":726,"byg:redwood_slab":118,"minecraft:melon_slice":40,"byg:yellow_daffodil":1,"minecraft:composter":1,"minecraft:big_dripleaf":2,"create:andesite_casing":22,"iceandfire:silver_ore":8,"iceandfire:lightning_dragon_flesh":24,"minecraft:golden_chestplate":3,"create:industrial_iron_block":159,"minecraft:horn_coral_fan":1,"minecraft:tropical_fish":1,"iceandfire:fire_dragon_heart":6,"minecraft:glowstone":4,"create:crafting_blueprint":11,"minecraft:blaze_rod":44,"minecraft:iron_bars":76,"minecraft:birch_log":61,"byg:overgrown_stone":1,"minecraft:feather":9,"minecraft:cooked_beef":4,"minecraft:birch_slab":1,"byg:purple_amaranth":124,"minecraft:water_bucket":2,"minecraft:jungle_log":1,"byg:embur_gel_branch":1,"byg:stripped_jacaranda_log":2,"minecraft:flint":24,"byg:white_puffball_cap":4,"minecraft:stonecutter":1,"byg:araucaria_sapling":46,"create:shaft":33,"minecraft:diamond_helmet":3,"minecraft:moss_block":2,"iceandfire:dragonscales_amythest":49,"iceandfire:dragon_skull_fire":6,"byg:jacaranda_planks":69,"sophisticatedbackpacks:iron_backpack":1,"iceandfire:lightning_dragon_heart":2,"iceandfire:myrmex_stinger":1,"minecraft:dark_oak_log":28,"minecraft:barrel":3,"byg:lament_log":22,"byg:pink_anemone":1,"byg:aspen_log":17,"byg:redwood_door":1,"minecraft:lever":10,"minecraft:granite":450,"minecraft:spruce_button":1,"iceandfire:troll_leather_forest":10,"byg:pine_planks":105,"minecraft:bricks":7,"minecraft:crimson_roots":3,"minecraft:diamond_pickaxe":8,"sophisticatedbackpacks:gold_backpack":2,"iceandfire:dragon_skull_lightning":4,"minecraft:crafting_table":5,"minecraft:coarse_dirt":1,"create:mechanical_piston":1,"iceandfire:witherbone":8,"minecraft:clay_ball":76,"minecraft:leather_leggings":3,"byg:indigo_jacaranda_sapling":74,"iceandfire:sea_serpent_scales_blue":5,"minecraft:cornflower":3,"byg:horseweed":1,"minecraft:compass":26,"minecraft:white_carpet":3,"minecraft:iron_shovel":2,"iceandfire:graveyard_soil":9,"minecraft:cracked_stone_bricks":2,"minecraft:beef":78,"minecraft:iron_nugget":33,"minecraft:poppy":34,"minecraft:spruce_slab":76,"minecraft:minecart":2,"minecraft:chest":9,"minecraft:egg":1,"minecraft:copper_ore":21,"minecraft:stone":1240,"minecraft:oak_door":3,"minecraft:amethyst_cluster":35,"minecraft:carrot":2,"minecraft:redstone":289,"create:brass_casing":7,"byg:lollipop_flower":1,"minecraft:diamond_chestplate":3,"minecraft:tube_coral_fan":4,"byg:dacite":1,"minecraft:hay_block":4,"minecraft:tube_coral_block":8,"minecraft:gold_ingot":35,"byg:white_puffball_spores":6,"minecraft:glow_berries":12,"minecraft:mutton":43,"iceandfire:jungle_myrmex_cocoon":1,"minecraft:white_wool":60,"minecraft:rail":48,"minecraft:oxeye_daisy":1,"minecraft:stripped_oak_log":2,"create:iron_sheet":64,"create:vertical_framed_glass_pane":16,"byg:jacaranda_sapling":6,"iceandfire:sea_serpent_fang":14,"minecraft:tripwire_hook":5,"minecraft:red_mushroom":2,"minecraft:oak_log":284,"minecraft:lily_pad":2,"minecraft:ancient_debris":4,"iceandfire:myrmex_resin_jungle":4,"byg:magenta_amaranth":166,"minecraft:white_banner":1,"byg:cyan_amaranth":362,"create:crushing_wheel":4,"minecraft:apple":3501,"minecraft:stone_bricks":74,"byg:ebony_log":1,"minecraft:kelp":6,"minecraft:stone_pickaxe":1,"minecraft:iron_ore":2,"minecraft:cobweb":18,"minecraft:dark_oak_stairs":47,"create:mechanical_saw":32,"minecraft:smooth_basalt":4,"minecraft:dark_oak_slab":16,"byg:pine_slab":5,"iceandfire:sea_serpent_scales_green":7,"minecraft:gravel":853,"minecraft:birch_stairs":1,"minecraft:spruce_sapling":93,"byg:blue_enchanted_door":1,"minecraft:spruce_log":688,"byg:redwood_boat":5,"byg:redwood_sapling":20,"minecraft:diamond_shovel":6,"minecraft:coal_ore":42,"minecraft:stone_axe":2,"byg:jacaranda_door":2,"iceandfire:myrmex_jungle_egg":1,"minecraft:diamond_axe":3,"minecraft:gray_wool":2,"create:portable_storage_interface":4,"minecraft:crimson_nylium":7,"minecraft:hopper":3,"minecraft:ender_pearl":5,"minecraft:wheat":1,"create:mechanical_crafter":2,"byg:redwood_planks":80,"byg:redwood_trapdoor":8,"byg:amaranth":199,"iceandfire:myrmex_jungle_chitin":7,"minecraft:brain_coral_block":12,"monsters_and_girls:spectral_cake":30,"byg:jacaranda_boat":8,"minecraft:raw_copper":994,"iceandfire:sea_serpent_scales_teal":1,"minecraft:sticky_piston":5,"minecraft:sea_pickle":14,"minecraft:smooth_stone":15,"create:mechanical_press":2,"minecraft:cobblestone_slab":51,"minecraft:calcite":48,"iceandfire:dragonscales_red":42,"minecraft:furnace":6,"minecraft:tipped_arrow":61,"iceandfire:pixie_dust":4,"minecraft:stick":61804,"iceandfire:ghost_chest":2,"create:mechanical_mixer":1,"minecraft:oak_fence":18,"minecraft:torch":166,"minecraft:porkchop":37,"minecraft:pointed_dripstone":21,"minecraft:diorite":49,"create:schematicannon":4,"create:large_cogwheel":3,"minecraft:rotten_flesh":185,"byg:embur_gel_ball":11,"minecraft:fire_coral_fan":2,"minecraft:obsidian":25,"minecraft:cobblestone":1794,"minecraft:andesite":331,"minecraft:golden_leggings":2,"minecraft:potato":71,"create:raw_zinc":286,"byg:orchard_sapling":179,"minecraft:wither_skeleton_skull":1,"minecraft:lapis_lazuli":89,"minecraft:dirt":2421,"iceandfire:dragonscales_bronze":28,"minecraft:polished_granite":1,"minecraft:glass":33,"minecraft:bone":137,"iceandfire:myrmex_jungle_resin":21,"minecraft:bow":6,"minecraft:wheat_seeds":590,"minecraft:orange_tulip":1,"minecraft:raw_gold":152,"minecraft:bell":1,"minecraft:fletching_table":23,"byg:cherry_door":1,"minecraft:bamboo":128,"minecraft:oak_planks":8472,"minecraft:mossy_stone_brick_stairs":4,"minecraft:brain_coral":1,"iceandfire:amphithere_feather":8,"create:radial_chassis":4,"minecraft:cooked_porkchop":16,"create:cogwheel":9,"minecraft:poisonous_potato":1,"minecraft:sand":252,"minecraft:nether_brick_stairs":2,"minecraft:grass_block":2,"minecraft:diamond":40,"minecraft:spruce_boat":2,"minecraft:soul_lantern":6,"iceandfire:myrmex_jungle_biolight":2,"minecraft:grass":2,"minecraft:bone_meal":6,"minecraft:golden_apple":1,"minecraft:white_concrete":1,"minecraft:emerald":346,"minecraft:oak_sapling":14,"minecraft:netherrack":1329,"minecraft:bubble_coral_block":8,"byg:soapstone":38,"minecraft:chicken":2,"minecraft:ladder":18,"byg:tall_pink_allium":2,"minecraft:brown_mushroom":3,"byg:pink_sandstone":10,"minecraft:gold_block":3,"create:schematic_table":1,"minecraft:chain":4,"minecraft:shield":1,"minecraft:oak_trapdoor":8,"minecraft:moss_carpet":1,"create:chute":7,"minecraft:blackstone":5,"byg:pink_sand":15,"create:zinc_ore":3,"byg:redwood_log":1197,"minecraft:oak_boat":29,"byg:pine_stairs":44,"minecraft:observer":5,"minecraft:lectern":187,"minecraft:tinted_glass":56,"minecraft:sugar_cane":56,"minecraft:raw_iron":66,"iceandfire:dragonbone":122,"byg:jacaranda_bush":1,"byg:cattail_sprout":4,"create:golden_sheet":4,"iceandfire:deathworm_chitin_red":2,"minecraft:copper_ingot":2,"minecraft:polished_blackstone_bricks":36,"create:windmill_bearing":1,"create:hand_crank":29,"minecraft:dark_oak_planks":168,"iceandfire:silver_ingot":3,"minecraft:arrow":258,"iceandfire:cyclops_eye":2,"minecraft:nether_bricks":28,"byg:aspen_planks":2,"byg:orange_amaranth":75,"crittersandcompanions:silk":17,"iceandfire:troll_weapon_trunk":1,"create:empty_schematic":2,"minecraft:netherite_boots":1,"minecraft:air":0,"minecraft:glow_ink_sac":2,"minecraft:leather":56,"byg:lament_sapling":13,"minecraft:birch_planks":209,"create:andesite_alloy":28,"iceandfire:ectoplasm":15,"minecraft:cobblestone_wall":51,"minecraft:yellow_bed":15,"minecraft:nether_wart_block":1,"minecraft:gunpowder":15,"byg:firecracker_flower_bush":9,"minecraft:wooden_hoe":1,"minecraft:cooked_mutton":1,"minecraft:fire_coral_block":7,"byg:lament_planks":4,"byg:allium_flower_bush":1,"minecraft:rabbit_hide":2,"minecraft:iron_ingot":129,"minecraft:cooked_chicken":6,"byg:jacaranda_log":1104,"minecraft:polished_andesite_slab":22,"iceandfire:fire_dragon_flesh":18,"sophisticatedbackpacks:diamond_backpack":1,"minecraft:book":115,"minecraft:scaffolding":223,"minecraft:oak_slab":1,"create:mechanical_bearing":1,"byg:raw_quartz_block":3,"minecraft:emerald_block":33,"minecraft:birch_boat":2,"minecraft:chiseled_stone_bricks":3,"byg:incan_lily":1,"minecraft:quartz":44,"minecraft:dandelion":3,"minecraft:dripstone_block":1,"minecraft:amethyst_shard":715,"minecraft:blast_furnace":1,"minecraft:white_bed":37,"minecraft:spider_eye":8,"byg:embur_pedu":2,"minecraft:light_blue_concrete_powder":6,"byg:white_cherry_foliage":1,"minecraft:white_concrete_powder":29,"byg:tall_allium":5,"create:encased_fan":1,"minecraft:iron_helmet":2,"minecraft:mossy_cobblestone_stairs":5,"minecraft:black_wool":8,"byg:redwood_sign":14,"minecraft:coal":124},"minecraft:used":{"byg:jacaranda_log":54,"minecraft:spruce_slab":128,"minecraft:ladder":18,"minecraft:poppy":5,"minecraft:chest":43,"byg:pine_planks":528,"minecraft:stone":348,"minecraft:rotten_flesh":8,"create:mechanical_crafter":23,"create:depot":2,"minecraft:spruce_boat":2,"minecraft:lava_bucket":11,"minecraft:villager_spawn_egg":5,"minecraft:grass_block":2,"minecraft:copper_ore":1,"minecraft:dark_oak_slab":110,"minecraft:stone_brick_stairs":12,"minecraft:bow":473,"create:shaft":3,"minecraft:furnace":7,"crittersandcompanions:sea_bunny_bucket":1,"minecraft:oak_sapling":3,"minecraft:potato":78,"minecraft:light_blue_carpet":38,"minecraft:diorite":5,"minecraft:blackstone":5,"minecraft:orange_tulip":1,"minecraft:wooden_pickaxe":3,"minecraft:composter":4,"minecraft:golden_apple":11,"minecraft:glow_berries":1,"minecraft:dark_oak_trapdoor":2,"minecraft:sand":10,"minecraft:blast_furnace":1,"minecraft:birch_slab":24,"minecraft:lectern":192,"minecraft:polished_andesite_slab":7,"minecraft:soul_lantern":4,"byg:orchard_sapling":869,"byg:ebony_log":1,"minecraft:diamond_sword":567,"minecraft:wooden_sword":11,"create:basin":1,"minecraft:oak_boat":29,"minecraft:oak_trapdoor":12,"byg:indigo_jacaranda_sapling":14,"minecraft:iron_bars":5,"create:framed_glass":33,"create:limestone":109,"create:schematic_table":1,"create:vertical_framed_glass_pane":18,"minecraft:tinted_glass":336,"minecraft:netherrack":719,"minecraft:torch":236,"minecraft:brewing_stand":6,"minecraft:anvil":2,"iceandfire:copper_sword":78,"byg:lush_dirt":1,"create:wrench":62,"create:gearbox":2,"minecraft:spruce_button":1,"minecraft:bamboo":4,"minecraft:diamond_chestplate":3,"minecraft:barrel":4,"byg:jacaranda_bush":1,"minecraft:tripwire_hook":3,"minecraft:glowstone":84,"minecraft:smooth_basalt":2,"create:encased_chain_drive":8,"minecraft:cobbled_deepslate":65,"minecraft:observer":5,"byg:dacite":1,"sophisticatedbackpacks:gold_backpack":2,"byg:redwood_door":2,"minecraft:calcite":20,"minecraft:water_bucket":500,"minecraft:wheat_seeds":2,"minecraft:birch_planks":211,"byg:allium_flower_bush":1,"minecraft:fletching_table":21,"iceandfire:dragon_skull_lightning":2,"minecraft:cracked_stone_bricks":2,"create:blaze_burner":1,"minecraft:polished_blackstone_bricks":30,"minecraft:rail":36,"byg:lament_sapling":6,"create:encased_fan":2,"minecraft:crafting_table":9,"byg:redwood_log":16,"minecraft:oak_slab":23,"byg:redwood_trapdoor":10,"minecraft:white_bed":35,"minecraft:spruce_log":15,"minecraft:oak_log":62,"minecraft:diamond_pickaxe":8558,"minecraft:cornflower":2,"minecraft:diamond_shovel":2302,"create:water_wheel":14,"minecraft:spruce_sapling":237,"minecraft:chiseled_stone_bricks":3,"minecraft:cobblestone":190,"minecraft:cooked_porkchop":12,"minecraft:porkchop":6,"byg:cyan_amaranth":138,"minecraft:stripped_oak_log":2,"minecraft:dandelion":1,"minecraft:diamond_leggings":2,"minecraft:moss_carpet":1,"minecraft:iron_shovel":886,"minecraft:melon":1,"byg:stripped_jacaranda_log":2,"create:portable_storage_interface":6,"minecraft:white_concrete_powder":225,"minecraft:shield":44,"minecraft:zombie_spawn_egg":13,"byg:jacaranda_boat":7,"minecraft:bell":1,"create:mechanical_bearing":3,"minecraft:iron_chestplate":1,"create:minecart_contraption":2,"create:cogwheel":24,"minecraft:nether_bricks":22,"byg:aspen_planks":3,"byg:magenta_amaranth":85,"minecraft:obsidian":24,"sophisticatedbackpacks:diamond_backpack":2,"minecraft:coal_ore":21,"byg:orange_amaranth":25,"create:crafting_blueprint":11,"minecraft:iron_helmet":1,"byg:amaranth":93,"minecraft:stone_bricks":350,"minecraft:scaffolding":180,"create:mechanical_piston":1,"create:industrial_iron_block":1038,"byg:pink_sand":5,"minecraft:gold_block":1,"minecraft:dark_oak_stairs":70,"minecraft:diamond_boots":1,"create:crushing_wheel":10,"byg:pine_slab":104,"minecraft:stone_pickaxe":117,"minecraft:oak_planks":190,"minecraft:ender_pearl":15,"minecraft:sugar_cane":17,"minecraft:diamond_axe":1627,"create:mechanical_saw":39,"minecraft:white_wool":13,"byg:horseweed":1,"minecraft:light_blue_concrete":38,"byg:pine_stairs":182,"byg:redwood_sign":30,"minecraft:dripstone_block":1,"minecraft:shears":31,"minecraft:sticky_piston":5,"minecraft:lever":11,"byg:redwood_boat":10,"minecraft:melon_slice":2,"minecraft:bread":12,"minecraft:string":42,"minecraft:gravel":12,"minecraft:light_blue_concrete_powder":202,"minecraft:andesite":3,"minecraft:grindstone":2,"byg:purple_amaranth":44,"minecraft:coarse_dirt":1,"minecraft:bone_meal":235,"create:andesite_bars":10,"minecraft:white_concrete":39,"minecraft:cobweb":6,"create:large_cogwheel":19,"byg:jacaranda_planks":33,"minecraft:oak_fence":35,"byg:redwood_slab":169,"minecraft:flint_and_steel":4,"minecraft:spruce_planks":8,"minecraft:wooden_shovel":78,"minecraft:cooked_chicken":2,"minecraft:oak_door":1,"minecraft:dirt":1736,"create:mechanical_mixer":2,"minecraft:white_carpet":41,"minecraft:hopper":10,"iceandfire:pixie_dust":2,"minecraft:cobblestone_wall":83,"minecraft:diamond_helmet":1,"minecraft:granite":141,"create:chute":14,"minecraft:dark_oak_planks":135,"minecraft:bookshelf":34,"minecraft:oak_stairs":149,"create:cart_assembler":5,"create:radial_chassis":4,"minecraft:minecart":3,"minecraft:cooked_beef":55,"minecraft:enchanted_golden_apple":1,"minecraft:iron_leggings":1,"minecraft:cooked_mutton":31,"byg:white_cherry_foliage":1,"minecraft:iron_ore":2,"create:empty_blaze_burner":1,"minecraft:birch_boat":3,"minecraft:cobblestone_slab":76,"byg:jacaranda_door":1,"create:schematicannon":2,"minecraft:spider_eye":2,"byg:tall_pink_allium":2,"minecraft:wooden_hoe":11,"minecraft:apple":527,"create:mechanical_press":3,"create:windmill_bearing":1,"byg:soapstone":15,"byg:araucaria_sapling":6,"minecraft:stone_axe":154,"byg:redwood_sapling":20,"minecraft:white_banner":1,"byg:redwood_planks":107,"byg:pine_log":40,"minecraft:bucket":524,"minecraft:yellow_bed":15,"create:hand_crank":32,"minecraft:birch_stairs":4,"minecraft:gray_wool":1,"minecraft:smooth_stone":13,"byg:lament_planks":4},"minecraft:crafted":{"minecraft:smooth_stone":6,"minecraft:blaze_powder":2,"minecraft:birch_boat":2,"sophisticatedbackpacks:magnet_upgrade":1,"sophisticatedbackpacks:crafting_upgrade":2,"minecraft:lever":2,"minecraft:bookshelf":57,"create:schematicannon":1,"minecraft:cooked_mutton":19,"create:radial_chassis":3,"minecraft:glass":432,"minecraft:diamond_leggings":3,"minecraft:diamond_helmet":3,"sophisticatedbackpacks:tank_upgrade":1,"create:mechanical_press":2,"create:cogwheel":7,"minecraft:wooden_shovel":2,"minecraft:emerald":7548,"minecraft:cooked_porkchop":7,"minecraft:diamond_axe":1,"minecraft:sticky_piston":2,"create:encased_chain_drive":3,"create:mechanical_mixer":1,"create:gearbox":1,"byg:redwood_planks":834,"create:encased_fan":1,"minecraft:stone_brick_stairs":12,"minecraft:lectern":3,"minecraft:wooden_hoe":1,"naturescompass:naturescompass":1,"byg:lament_sapling":8,"minecraft:stone_slab":6,"minecraft:compass":12,"minecraft:iron_block":9,"minecraft:gold_ingot":57,"create:large_cogwheel":3,"create:propeller":1,"minecraft:composter":1,"minecraft:birch_stairs":4,"minecraft:golden_carrot":1,"minecraft:iron_nugget":171,"minecraft:experience_bottle":2,"minecraft:bone_meal":108,"minecraft:white_carpet":81,"sophisticatedbackpacks:advanced_pump_upgrade":1,"minecraft:lantern":156,"minecraft:spruce_slab":42,"minecraft:ender_pearl":19,"minecraft:stone_pickaxe":1,"minecraft:diamond_boots":3,"minecraft:dark_oak_planks":112,"byg:redwood_sign":12,"create:windmill_bearing":1,"minecraft:wheat":36,"sophisticatedbackpacks:advanced_tool_swapper_upgrade":1,"sophisticatedbackpacks:gold_backpack":3,"minecraft:glowstone":116,"minecraft:enchanted_book":65,"minecraft:golden_apple":1,"minecraft:flint":10,"sophisticatedbackpacks:stonecutter_upgrade":1,"minecraft:wooden_axe":1,"minecraft:oak_stairs":36,"minecraft:iron_shovel":4,"minecraft:iron_leggings":1,"create:shaft":24,"byg:aspen_planks":32,"minecraft:oak_planks":11101,"minecraft:cobblestone_slab":6,"minecraft:barrel":1,"byg:redwood_door":3,"minecraft:stone":21,"byg:pine_planks":396,"create:mechanical_bearing":2,"minecraft:hopper":7,"minecraft:bow":4,"minecraft:iron_boots":1,"create:cart_assembler":1,"minecraft:chest":19,"byg:redwood_boat":2,"minecraft:stone_bricks":292,"minecraft:oak_fence":21,"minecraft:oak_slab":12,"create:depot":2,"sophisticatedbackpacks:backpack":3,"minecraft:arrow":10,"minecraft:crafting_table":5,"minecraft:spruce_planks":2870,"create:mechanical_saw":2,"minecraft:wooden_pickaxe":2,"minecraft:iron_helmet":1,"minecraft:brewing_stand":2,"minecraft:birch_planks":64,"sophisticatedbackpacks:upgrade_base":8,"minecraft:dispenser":3,"minecraft:dark_oak_slab":90,"sophisticatedbackpacks:xp_pump_upgrade":1,"minecraft:iron_chestplate":1,"minecraft:paper":12,"create:water_wheel":3,"minecraft:diamond_pickaxe":1,"minecraft:emerald_block":88,"minecraft:shield":10,"create:super_glue":1,"create:portable_storage_interface":2,"sophisticatedbackpacks:diamond_backpack":2,"minecraft:stick":28647,"minecraft:light_blue_dye":8,"minecraft:iron_ingot":58,"create:industrial_iron_block":648,"create:empty_blaze_burner":1,"create:chute":4,"byg:jacaranda_planks":60,"minecraft:wooden_sword":2,"minecraft:redstone":68,"minecraft:tripwire_hook":2,"sophisticatedbackpacks:tool_swapper_upgrade":1,"sophisticatedbackpacks:advanced_magnet_upgrade":1,"minecraft:furnace":2,"minecraft:piston":3,"minecraft:dark_oak_trapdoor":2,"create:schematic_table":1,"minecraft:oak_trapdoor":2,"minecraft:white_concrete_powder":8,"minecraft:iron_axe":6,"minecraft:slime_ball":6,"create:empty_schematic":1,"create:basin":1,"minecraft:observer":1,"minecraft:minecart":1,"sophisticatedbackpacks:iron_backpack":4,"minecraft:cooked_beef":51,"create:andesite_alloy":21,"create:hand_crank":2,"minecraft:diamond_sword":3,"minecraft:dark_oak_stairs":8,"byg:araucaria_sapling":4,"minecraft:bell":14,"byg:redwood_slab":90,"byg:indigo_jacaranda_sapling":4,"minecraft:bucket":5,"minecraft:stone_axe":14,"minecraft:bread":12,"minecraft:air":0,"minecraft:blue_dye":16,"minecraft:white_wool":12,"create:whisk":1,"minecraft:gold_nugget":18,"minecraft:white_dye":32,"minecraft:lapis_lazuli":36,"byg:pine_stairs":8,"minecraft:diamond_chestplate":3},"minecraft:dropped":{"byg:cyan_amaranth":224,"minecraft:porkchop":15,"minecraft:glow_ink_sac":2,"minecraft:diamond":3,"minecraft:cooked_porkchop":2,"create:cogwheel":3,"iceandfire:ectoplasm":15,"minecraft:mossy_stone_brick_stairs":4,"minecraft:fletching_table":6,"byg:lush_dirt":3,"minecraft:rail":15,"minecraft:red_mushroom":2,"minecraft:emerald":800,"minecraft:dirt":392,"minecraft:grass":2,"byg:magenta_amaranth":140,"minecraft:dark_oak_trapdoor":4,"minecraft:netherite_boots":1,"minecraft:chain":4,"minecraft:wooden_sword":1,"minecraft:gold_nugget":10,"minecraft:bone_meal":2,"minecraft:sand":64,"byg:jacaranda_log":431,"byg:embur_gel_ball":11,"iceandfire:myrmex_resin_jungle":3,"minecraft:white_wool":3,"minecraft:birch_stairs":1,"minecraft:bone":3,"minecraft:oak_door":2,"minecraft:emerald_block":33,"minecraft:stone_axe":14,"minecraft:compass":37,"minecraft:ancient_debris":2,"minecraft:polished_andesite_slab":15,"minecraft:iron_nugget":102,"minecraft:cooked_chicken":4,"minecraft:golden_chestplate":2,"minecraft:cobbled_deepslate":9,"minecraft:wheat":1,"byg:jacaranda_planks":30,"minecraft:rotten_flesh":205,"minecraft:oak_planks":136,"minecraft:white_bed":7,"minecraft:tipped_arrow":36,"iceandfire:ghost_chest":1,"byg:pink_sand":5,"minecraft:coal_ore":3,"minecraft:jungle_log":1,"create:wrench":1,"minecraft:ladder":6,"create:limestone":10,"minecraft:leather_leggings":3,"minecraft:glass":384,"iceandfire:manuscript":10,"minecraft:lectern":1,"minecraft:egg":1,"minecraft:iron_ingot":131,"minecraft:wheat_seeds":590,"minecraft:oak_fence":4,"minecraft:iron_helmet":3,"minecraft:feather":6,"minecraft:cobblestone":1363,"minecraft:book":43,"minecraft:apple":3381,"minecraft:granite":367,"byg:white_puffball_cap":4,"minecraft:coal":21,"minecraft:golden_apple":1,"minecraft:oxeye_daisy":1,"minecraft:lava_bucket":1,"minecraft:cobweb":12,"byg:orchard_sapling":17,"minecraft:wooden_hoe":3,"minecraft:diamond_helmet":5,"minecraft:oak_stairs":1,"byg:incan_lily":1,"create:vertical_framed_glass_pane":2,"minecraft:mossy_cobblestone_stairs":5,"minecraft:smooth_stone":2,"minecraft:lily_pad":2,"minecraft:iron_shovel":3,"minecraft:string":2,"minecraft:spruce_sapling":1,"iceandfire:dragon_skull_fire":3,"create:raw_zinc":49,"byg:pink_allium":3,"minecraft:bricks":7,"minecraft:cobblestone_wall":1,"minecraft:chicken":2,"minecraft:clay_ball":12,"minecraft:iron_boots":1,"byg:flowering_indigo_jacaranda_bush":2,"minecraft:nether_bricks":6,"crittersandcompanions:silk":4,"minecraft:diamond_sword":2,"minecraft:light_blue_dye":1,"minecraft:cobblestone_slab":3,"minecraft:stone":606,"byg:redwood_door":1,"minecraft:spruce_planks":208,"create:zinc_ingot":55,"minecraft:diamond_pickaxe":2,"iceandfire:silver_ingot":1,"create:hand_crank":1,"byg:amaranth":156,"minecraft:spider_eye":6,"minecraft:stone_bricks":13,"minecraft:bow":7,"minecraft:bell":2,"byg:raw_quartz_block":3,"iceandfire:dragon_skull_lightning":1,"minecraft:black_wool":3,"minecraft:nether_brick_stairs":2,"minecraft:crimson_nylium":7,"minecraft:moss_block":2,"minecraft:brown_mushroom":3,"minecraft:birch_planks":1,"minecraft:oak_log":64,"byg:pine_log":73,"iceandfire:fire_dragon_flesh":9,"minecraft:lantern":96,"byg:redwood_sign":5,"byg:jacaranda_bookshelf":1,"byg:overgrown_stone":1,"minecraft:birch_slab":7,"iceandfire:graveyard_soil":7,"minecraft:flint":26,"byg:white_puffball_spores":6,"minecraft:mutton":9,"byg:embur_gel_branch":1,"minecraft:crimson_roots":3,"iceandfire:dragonscales_red":21,"minecraft:amethyst_shard":2,"minecraft:polished_blackstone_bricks":6,"minecraft:gold_ingot":29,"minecraft:gravel":576,"byg:embur_pedu":2,"minecraft:soul_lantern":2,"minecraft:carrot":1,"byg:yellow_daffodil":1,"minecraft:poppy":29,"minecraft:rabbit_hide":2,"minecraft:chest":1,"byg:lollipop_flower":1,"create:industrial_iron_block":1,"minecraft:iron_bars":72,"minecraft:arrow":321,"minecraft:white_concrete_powder":44,"minecraft:scaffolding":56,"minecraft:polished_granite":1,"minecraft:netherrack":250,"create:andesite_alloy":9,"byg:cattail_sprout":4,"minecraft:water_bucket":2,"byg:jacaranda_sapling":6,"create:mechanical_saw":1,"minecraft:diamond_leggings":4,"minecraft:poisonous_potato":1,"minecraft:amethyst_block":162,"minecraft:tropical_fish":1,"minecraft:copper_ingot":55,"iceandfire:cyclops_eye":1,"iceandfire:lightning_dragon_flesh":12,"create:schematicannon":2,"minecraft:stick":3791,"byg:redwood_slab":38,"minecraft:diorite":42,"minecraft:torch":3,"iceandfire:myrmex_jungle_biolight":2,"byg:soapstone":3,"minecraft:nether_wart_block":1,"minecraft:melon_slice":2,"minecraft:iron_leggings":1,"create:piston_extension_pole":2,"minecraft:iron_axe":6,"byg:purple_amaranth":80,"minecraft:tripwire_hook":4,"byg:redwood_trapdoor":2,"minecraft:redstone":57,"minecraft:dandelion":2,"iceandfire:dragonscales_bronze":14,"iceandfire:dragonbone":61,"minecraft:smooth_basalt":2,"create:shaft":2,"iceandfire:lightning_dragon_heart":1,"minecraft:raw_copper":153,"minecraft:raw_iron":8,"iceandfire:witherbone":4,"byg:tall_allium":5,"byg:redwood_log":1753,"iceandfire:myrmex_jungle_resin":1,"byg:indigo_jacaranda_sapling":1,"byg:jacaranda_boat":1,"minecraft:copper_ore":2,"minecraft:shield":10,"minecraft:diamond_chestplate":5,"iceandfire:dragonscales_amythest":66,"minecraft:iron_chestplate":1,"minecraft:andesite":79,"minecraft:golden_leggings":2,"byg:flowering_jacaranda_bush":1,"minecraft:oak_sapling":11,"minecraft:diamond_boots":2,"minecraft:spruce_log":350,"byg:orange_amaranth":50,"iceandfire:fire_dragon_heart":3,"minecraft:stone_pickaxe":1,"minecraft:raw_gold":3,"minecraft:calcite":28,"minecraft:amethyst_cluster":35},"minecraft:custom":{"minecraft:interact_with_crafting_table":62,"minecraft:open_barrel":3,"minecraft:bell_ring":51,"minecraft:leave_game":42,"minecraft:time_since_death":2069370,"minecraft:damage_blocked_by_shield":1305,"minecraft:play_time":2069644,"minecraft:jump":25065,"minecraft:interact_with_furnace":118,"minecraft:traded_with_villager":3927,"minecraft:sleep_in_bed":58,"minecraft:damage_dealt":71603,"minecraft:interact_with_smithing_table":2,"minecraft:interact_with_anvil":41,"minecraft:inspect_hopper":7,"minecraft:sneak_time":129101,"minecraft:interact_with_blast_furnace":1,"minecraft:total_world_time":2069644,"minecraft:interact_with_stonecutter":8,"minecraft:time_since_rest":55847,"minecraft:swim_one_cm":488782,"minecraft:open_chest":620,"minecraft:fly_one_cm":4979024,"minecraft:fall_one_cm":795653,"minecraft:damage_resisted":427,"minecraft:sprint_one_cm":2899888,"minecraft:drop":830,"minecraft:talked_to_villager":1311,"minecraft:walk_on_water_one_cm":272890,"minecraft:crouch_one_cm":364089,"minecraft:mob_kills":388,"minecraft:climb_one_cm":144615,"minecraft:walk_one_cm":4630165,"minecraft:walk_under_water_one_cm":354741,"minecraft:boat_one_cm":19710,"minecraft:interact_with_grindstone":7,"minecraft:damage_taken":16416,"minecraft:damage_absorbed":525}},"DataVersion":3120}