{"stats":{"minecraft:killed_by":{"minecraft:zombie":1,"iceandfire:fire_dragon":1,"minecraft:iron_golem":1},"minecraft:crafted":{"create:tiled_glass":8,"minecraft:brick":88,"minecraft:oak_planks":2604,"minecraft:barrel":11,"minecraft:oak_sign":6,"minecraft:oak_pressure_plate":1,"byg:redwood_door":3,"minecraft:birch_slab":6,"minecraft:stone":22,"cfm:stripped_dark_oak_table":4,"minecraft:cooked_mutton":4,"create:framed_glass_door":1,"byg:blue_enchanted_planks":8,"minecraft:glass":73,"minecraft:stone_brick_slab":12,"minecraft:diamond_helmet":1,"minecraft:bow":2,"cfm:white_sofa":2,"minecraft:chest":22,"byg:cherry_planks":8,"cfm:stripped_birch_chair":4,"minecraft:stone_bricks":12,"minecraft:oak_fence":24,"minecraft:flower_pot":16,"minecraft:smoker":1,"minecraft:item_frame":2,"minecraft:oak_slab":30,"sophisticatedbackpacks:backpack":2,"minecraft:emerald":1424,"minecraft:arrow":128,"minecraft:cooked_porkchop":5,"create:vertical_framed_glass_pane":80,"minecraft:crafting_table":4,"minecraft:diamond_axe":1,"minecraft:spruce_planks":7400,"minecraft:wooden_pickaxe":1,"minecraft:birch_planks":448,"minecraft:campfire":2,"cfm:dark_oak_kitchen_drawer":8,"minecraft:painting":1,"byg:blue_enchanted_door":3,"byg:redwood_planks":1128,"byg:jacaranda_door":3,"minecraft:yellow_dye":1,"minecraft:dark_oak_slab":60,"minecraft:iron_chestplate":1,"minecraft:book":2,"minecraft:paper":6,"minecraft:diamond_pickaxe":1,"minecraft:charcoal":16,"minecraft:emerald_block":129,"minecraft:shield":1,"create:framed_glass":1,"minecraft:stick":22960,"create:vertical_framed_glass":31,"minecraft:iron_ingot":45,"minecraft:iron_pickaxe":1,"minecraft:stone_sword":1,"minecraft:light_gray_dye":1,"minecraft:birch_stairs":32,"minecraft:shears":1,"byg:jacaranda_planks":1744,"minecraft:stone_brick_wall":6,"minecraft:iron_nugget":153,"minecraft:furnace":8,"minecraft:dark_oak_sign":3,"minecraft:bone_meal":45,"minecraft:pink_dye":2,"byg:green_enchanted_door":3,"minecraft:oak_trapdoor":26,"byg:cherry_door":3,"minecraft:lantern":19,"minecraft:iron_axe":1,"minecraft:ladder":6,"minecraft:stone_pickaxe":1,"minecraft:dark_oak_planks":456,"minecraft:wheat":63,"sophisticatedbackpacks:iron_backpack":2,"minecraft:cooked_beef":4,"minecraft:crossbow":1,"cfm:stripped_dark_oak_coffee_table":4,"minecraft:diamond_sword":1,"minecraft:cyan_dye":1,"monsters_and_girls:red_mushroom_hat_helmet":1,"minecraft:dark_oak_stairs":100,"minecraft:iron_sword":1,"minecraft:stone_axe":1,"byg:green_enchanted_planks":8,"minecraft:enchanted_book":2,"minecraft:bread":21,"minecraft:air":0,"minecraft:jungle_planks":4,"minecraft:oak_stairs":28,"minecraft:wooden_axe":1,"minecraft:stonecutter":1,"minecraft:white_bed":2,"minecraft:torch":200,"byg:aspen_planks":52,"minecraft:diamond_chestplate":1},"minecraft:dropped":{"byg:biomepedia":1,"byg:cyan_amaranth":133,"minecraft:birch_planks":186,"minecraft:dark_oak_stairs":34,"minecraft:diamond_axe":4,"byg:fairy_slipper":1,"minecraft:leather":6,"minecraft:red_mushroom":4,"byg:white_puffball_spores":10,"minecraft:dirt":60,"byg:magenta_amaranth":82,"minecraft:amethyst_shard":7,"minecraft:bone_meal":4,"create:iron_sheet":81,"minecraft:dark_oak_planks":128,"minecraft:birch_log":61,"minecraft:birch_stairs":3,"minecraft:iron_nugget":13,"minecraft:birch_sapling":1,"minecraft:rotten_flesh":2,"minecraft:oak_planks":2,"iceandfire:fire_lily":4,"create:asurine":1,"minecraft:rabbit_hide":5,"minecraft:jungle_log":2,"create:limestone":2,"minecraft:painting":1,"minecraft:glass":1,"minecraft:scaffolding":19,"minecraft:wheat_seeds":16,"create:mechanical_saw":1,"byg:horseweed":8,"byg:white_puffball_cap":1,"minecraft:stick":7,"byg:orchard_sapling":4,"minecraft:torch":294,"minecraft:wooden_axe":1,"minecraft:iron_leggings":1,"minecraft:oak_stairs":29,"create:vertical_framed_glass_pane":16,"minecraft:string":4,"byg:purple_amaranth":43,"minecraft:spruce_sapling":19,"minecraft:stone_brick_slab":12,"iceandfire:dragonbone":3,"byg:aspen_log":1,"minecraft:stone_sword":2,"byg:redwood_log":68,"byg:pink_anemone":9,"minecraft:pumpkin_seeds":1,"minecraft:shield":1,"minecraft:flower_pot":1,"byg:aspen_sapling":3,"minecraft:diamond_pickaxe":4,"minecraft:iron_chestplate":1,"minecraft:golden_leggings":1,"create:hand_crank":3,"byg:amaranth":82,"minecraft:bamboo":8,"minecraft:spruce_log":17,"minecraft:stone_pickaxe":1,"minecraft:bow":2,"byg:orange_amaranth":25,"minecraft:wooden_pickaxe":1,"minecraft:calcite":4},"minecraft:broken":{"minecraft:shears":1,"minecraft:stone_axe":1,"minecraft:wooden_pickaxe":1,"minecraft:golden_axe":3},"minecraft:killed":{"minecraft:spider":14,"minecraft:skeleton":25,"minecraft:pig":4,"minecraft:zombie_villager":1,"minecraft:salmon":1,"minecraft:iron_golem":1,"minecraft:creeper":7,"minecraft:sheep":16,"minecraft:pillager":2,"minecraft:zombie":26,"crittersandcompanions:koi_fish":2,"minecraft:cow":17,"minecraft:drowned":2,"monsters_and_girls:red_mushrom_gal":2,"iceandfire:ghost":1,"monsters_and_girls:gourdragora_medium":1},"minecraft:custom":{"minecraft:interact_with_crafting_table":146,"minecraft:open_barrel":1,"minecraft:leave_game":8,"minecraft:time_since_death":417704,"minecraft:sprint_one_cm":1630392,"minecraft:damage_blocked_by_shield":3285,"minecraft:drop":146,"minecraft:talked_to_villager":313,"minecraft:play_time":923263,"minecraft:deaths":3,"minecraft:jump":12971,"minecraft:walk_on_water_one_cm":72526,"minecraft:interact_with_furnace":82,"minecraft:traded_with_villager":766,"minecraft:sleep_in_bed":30,"minecraft:damage_dealt":18563,"minecraft:crouch_one_cm":7083,"minecraft:interact_with_anvil":13,"minecraft:mob_kills":143,"minecraft:interact_with_campfire":32,"minecraft:climb_one_cm":49331,"minecraft:walk_one_cm":1750856,"minecraft:sneak_time":3222,"minecraft:walk_under_water_one_cm":48830,"minecraft:total_world_time":923263,"minecraft:pot_flower":22,"minecraft:interact_with_stonecutter":7,"minecraft:time_since_rest":17282,"minecraft:damage_taken":6318,"minecraft:swim_one_cm":192144,"minecraft:fly_one_cm":2700321,"minecraft:open_chest":251,"minecraft:fall_one_cm":403451},"minecraft:used":{"byg:jacaranda_log":1,"minecraft:chest":22,"minecraft:shield":103,"minecraft:stone":7,"minecraft:iron_sword":137,"create:tiled_glass":2,"minecraft:iron_chestplate":1,"minecraft:jungle_planks":1,"minecraft:carrot":2,"byg:blue_enchanted_door":1,"byg:pink_cherry_leaves":45,"byg:magenta_amaranth":2,"minecraft:obsidian":2,"minecraft:glass":34,"byg:white_anemone":6,"byg:orange_amaranth":1,"byg:green_enchanted_door":2,"minecraft:lantern":23,"minecraft:grass_block":3,"cfm:stripped_dark_oak_table":4,"minecraft:dark_oak_slab":12,"minecraft:item_frame":2,"minecraft:bow":51,"minecraft:scaffolding":32,"minecraft:furnace":9,"minecraft:dark_oak_stairs":54,"minecraft:diamond_boots":1,"minecraft:stone_pickaxe":89,"minecraft:dark_oak_sign":3,"minecraft:oak_planks":45,"create:crimsite":1,"minecraft:wooden_pickaxe":59,"minecraft:diamond_axe":445,"minecraft:sugar_cane":3,"create:mechanical_saw":16,"minecraft:oak_leaves":2,"byg:yellow_daffodil":3,"minecraft:stone_brick_wall":2,"minecraft:shears":237,"byg:jacaranda_leaves":10,"minecraft:melon_slice":61,"byg:guzmania":1,"minecraft:birch_slab":1,"minecraft:bread":21,"minecraft:dark_oak_log":7,"byg:pink_allium":1,"cfm:stripped_dark_oak_coffee_table":11,"byg:orchard_sapling":6,"minecraft:golden_helmet":1,"minecraft:diamond_sword":167,"minecraft:birch_log":16,"minecraft:andesite":2,"create:framed_glass_door":1,"byg:white_cherry_leaves":43,"minecraft:bone_meal":11,"byg:jacaranda_planks":30,"minecraft:oak_fence":9,"minecraft:oak_trapdoor":26,"cfm:stripped_birch_chair":4,"minecraft:jungle_leaves":1,"minecraft:iron_bars":1,"minecraft:stone_sword":109,"minecraft:flint_and_steel":1,"create:vertical_framed_glass_pane":24,"minecraft:spruce_planks":4,"minecraft:cooked_chicken":4,"minecraft:torch":99,"minecraft:dirt":180,"byg:pink_anemone":10,"minecraft:diamond_helmet":2,"minecraft:granite":1,"byg:lush_dirt":5,"minecraft:dark_oak_planks":53,"minecraft:wooden_axe":54,"minecraft:stone_brick_slab":13,"minecraft:iron_axe":110,"create:vertical_framed_glass":1,"byg:cherry_door":1,"minecraft:barrel":11,"minecraft:diamond_chestplate":1,"byg:jacaranda_bush":1,"minecraft:beef":3,"minecraft:pointed_dripstone":1,"minecraft:cooked_beef":11,"minecraft:golden_axe":118,"byg:redwood_door":1,"minecraft:cooked_mutton":4,"byg:white_cherry_foliage":22,"minecraft:water_bucket":1,"byg:pink_allium_flower_bush":1,"minecraft:birch_planks":98,"cfm:dark_oak_kitchen_drawer":10,"minecraft:stonecutter":1,"byg:rocky_stone":11,"byg:fairy_slipper":67,"minecraft:vine":1,"minecraft:oak_slab":10,"minecraft:crafting_table":10,"byg:redwood_log":27,"byg:jacaranda_door":1,"byg:redwood_trapdoor":1,"minecraft:white_bed":4,"minecraft:campfire":2,"minecraft:painting":15,"minecraft:smoker":1,"minecraft:spruce_log":2,"minecraft:oak_log":25,"byg:japanese_orchid":9,"minecraft:flower_pot":24,"minecraft:diamond_pickaxe":114,"minecraft:apple":163,"minecraft:oxeye_daisy":1,"minecraft:diamond_shovel":457,"cfm:white_sofa":10,"minecraft:iron_pickaxe":86,"byg:soapstone":1,"minecraft:stone_axe":133,"minecraft:cobblestone":108,"byg:flowering_jacaranda_leaves":9,"byg:redwood_planks":8,"minecraft:porkchop":3,"minecraft:cooked_porkchop":6,"byg:cyan_amaranth":1,"minecraft:pumpkin_pie":1,"minecraft:yellow_bed":3,"create:hand_crank":11,"minecraft:dandelion":2,"minecraft:diamond_leggings":1,"minecraft:smooth_stone":2,"minecraft:birch_stairs":21},"minecraft:picked_up":{"byg:lush_dirt":8,"minecraft:flower_pot":9,"byg:redwood_planks":4,"byg:redwood_trapdoor":1,"byg:pink_allium":18,"minecraft:diamond_sword":1,"minecraft:oak_stairs":1,"byg:amaranth":82,"minecraft:string":10,"create:limestone":2,"minecraft:iron_leggings":2,"cfm:dark_oak_kitchen_drawer":2,"minecraft:diamond_leggings":2,"byg:richea":4,"byg:blue_enchanted_log":198,"minecraft:cobbled_deepslate":6,"minecraft:spruce_planks":94,"minecraft:calcite":4,"minecraft:cobblestone_slab":4,"crittersandcompanions:koi_fish":2,"minecraft:melon_slice":95,"minecraft:furnace":4,"minecraft:iron_boots":1,"byg:yellow_daffodil":9,"minecraft:stick":421,"cfm:stripped_dark_oak_coffee_table":11,"minecraft:oak_fence":1,"minecraft:torch":284,"iceandfire:silver_ore":2,"minecraft:porkchop":12,"minecraft:pointed_dripstone":1,"minecraft:diorite":1,"minecraft:vine":5,"byg:green_enchanted_door":2,"byg:pink_cherry_leaves":45,"byg:aspen_sapling":3,"minecraft:stone_sword":3,"minecraft:rotten_flesh":44,"byg:cyan_rose":1,"create:asurine":1,"byg:guzmania":1,"minecraft:iron_bars":1,"minecraft:cobblestone":276,"minecraft:nautilus_shell":1,"minecraft:birch_log":198,"minecraft:feather":6,"minecraft:cooked_beef":32,"minecraft:water_bucket":1,"byg:purple_amaranth":43,"minecraft:andesite":2,"minecraft:jungle_log":3,"minecraft:potato":2,"byg:orchard_sapling":19,"byg:white_puffball_cap":11,"minecraft:stripped_birch_log":28,"minecraft:lantern":4,"minecraft:lapis_lazuli":24,"minecraft:dirt":485,"byg:imbued_blue_enchanted_log":51,"minecraft:glass":1,"minecraft:bone":38,"minecraft:bow":5,"minecraft:wheat_seeds":31,"minecraft:raw_gold":13,"minecraft:diamond_helmet":1,"minecraft:bamboo":9,"minecraft:oak_planks":41,"byg:green_enchanted_log":102,"byg:pink_cherry_sapling":1,"minecraft:cooked_porkchop":6,"byg:flowering_jacaranda_leaves":16,"byg:jacaranda_planks":32,"minecraft:sand":74,"sophisticatedbackpacks:iron_backpack":1,"minecraft:grass_block":3,"minecraft:barrel":3,"minecraft:dark_oak_log":200,"create:tiled_glass":2,"minecraft:jungle_leaves":35,"byg:jacaranda_leaves":31,"create:crimsite":2,"byg:pink_anemone":20,"byg:aspen_log":35,"minecraft:diamond":2,"minecraft:bone_meal":16,"minecraft:granite":1,"minecraft:emerald":7,"byg:imbued_green_enchanted_log":3,"minecraft:oak_sapling":48,"minecraft:oak_leaves":35,"minecraft:diamond_pickaxe":3,"minecraft:crafting_table":8,"byg:soapstone":1,"minecraft:azure_bluet":10,"minecraft:ladder":1,"minecraft:clay_ball":88,"iceandfire:fire_lily":8,"minecraft:wooden_pickaxe":1,"minecraft:shield":10,"minecraft:cornflower":1,"byg:horseweed":8,"cfm:stripped_dark_oak_table":2,"minecraft:flint_and_steel":2,"byg:pink_allium_flower_bush":1,"minecraft:beef":39,"byg:redwood_log":669,"minecraft:poppy":4,"minecraft:iron_nugget":13,"minecraft:chest":4,"minecraft:sugar_cane":9,"minecraft:birch_sapling":3,"crittersandcompanions:clam":2,"cfm:white_sofa":8,"minecraft:dark_oak_sapling":77,"minecraft:raw_iron":43,"iceandfire:dragonbone":3,"byg:jacaranda_bush":1,"monsters_and_girls:red_mushroom_hat_helmet":1,"create:hand_crank":15,"minecraft:carrot":1,"byg:lollipop_flower":1,"minecraft:dark_oak_planks":1,"byg:biomepedia":1,"minecraft:arrow":110,"minecraft:diamond_chestplate":1,"minecraft:peony":8,"minecraft:pumpkin_pie":1,"minecraft:hay_block":7,"byg:orange_amaranth":30,"minecraft:diamond_boots":2,"crittersandcompanions:silk":55,"byg:white_puffball_spores":21,"minecraft:mutton":33,"byg:rocky_stone":11,"minecraft:white_wool":15,"minecraft:oxeye_daisy":1,"create:iron_sheet":41,"create:vertical_framed_glass_pane":2,"byg:japanese_orchid":12,"minecraft:leather":41,"minecraft:red_mushroom":4,"minecraft:birch_planks":19,"minecraft:oak_log":268,"iceandfire:ectoplasm":1,"byg:white_anemone":12,"minecraft:yellow_bed":4,"minecraft:gunpowder":12,"byg:magenta_amaranth":84,"byg:cyan_amaranth":137,"byg:white_cherry_leaves":43,"minecraft:apple":286,"byg:torch_ginger":3,"minecraft:rabbit_hide":8,"minecraft:iron_ingot":19,"minecraft:stone_pickaxe":3,"minecraft:cooked_chicken":4,"byg:jacaranda_log":223,"minecraft:dark_oak_stairs":6,"minecraft:oak_slab":2,"create:mechanical_saw":17,"minecraft:scaffolding":59,"monsters_and_girls:big_red_mushroom":1,"minecraft:dark_oak_slab":3,"minecraft:emerald_block":58,"minecraft:stone_brick_slab":13,"minecraft:dandelion":2,"minecraft:dripstone_block":4,"byg:fairy_slipper":70,"minecraft:gravel":3,"minecraft:birch_stairs":9,"minecraft:amethyst_shard":10,"minecraft:spruce_sapling":19,"minecraft:white_bed":2,"minecraft:spruce_log":204,"minecraft:spider_eye":9,"byg:redwood_sapling":20,"byg:white_cherry_foliage":22,"minecraft:pumpkin_seeds":1,"byg:cherry_log":78,"minecraft:diamond_axe":5,"minecraft:painting":15,"minecraft:stripped_dark_oak_log":6,"minecraft:coal":101,"minecraft:wooden_axe":4,"minecraft:ender_pearl":3},"minecraft:mined":{"monsters_and_girls:big_red_mushroom":1,"minecraft:white_bed":1,"byg:yellow_daffodil":8,"minecraft:jungle_leaves":40,"minecraft:granite":1,"minecraft:grass_block":242,"byg:pink_cherry_leaves":52,"minecraft:jungle_log":1,"byg:potted_richea":1,"cfm:dark_oak_kitchen_drawer":2,"create:tiled_glass":2,"byg:pink_allium":17,"minecraft:barrel":3,"minecraft:potted_birch_sapling":2,"byg:redwood_planks":4,"create:vertical_framed_glass":1,"minecraft:iron_ore":35,"minecraft:fire":2,"byg:prairie_grass":9,"cfm:stripped_dark_oak_coffee_table":11,"minecraft:azure_bluet":6,"minecraft:dark_oak_stairs":6,"create:asurine":1,"minecraft:dirt_path":1,"byg:torch_ginger":3,"bushierflowers:grown_poppy":2,"create:limestone":1,"byg:tall_prairie_grass":10,"byg:white_cherry_foliage":22,"minecraft:clay":24,"minecraft:torch":10,"minecraft:melon":12,"byg:imbued_blue_enchanted_log":17,"minecraft:chest":4,"byg:redwood_leaves":10,"iceandfire:fire_lily":4,"minecraft:cobblestone":9,"minecraft:oak_planks":3,"minecraft:sugar_cane":3,"minecraft:wall_torch":2,"byg:lush_grass_block":5,"byg:pink_anemone":22,"bushierflowers:grown_azure_bluet":2,"byg:jacaranda_leaves":46,"byg:soapstone":1,"byg:orchard_leaves":98,"minecraft:dark_oak_slab":2,"byg:cyan_amaranth":18,"minecraft:birch_log":198,"byg:jacaranda_planks":4,"byg:purple_amaranth":3,"byg:guzmania":1,"minecraft:grass":175,"minecraft:oak_log":68,"create:vertical_framed_glass_pane":2,"byg:blue_enchanted_log":70,"create:hand_crank":5,"minecraft:sand":75,"minecraft:dirt":214,"byg:aspen_leaves":4,"byg:pink_cherry_foliage":1,"byg:flowering_orchard_leaves":1,"create:crimsite":1,"minecraft:oak_leaves":56,"minecraft:deepslate":6,"byg:redwood_log":89,"iceandfire:silver_ore":2,"minecraft:deepslate_diamond_ore":2,"minecraft:stripped_birch_log":16,"minecraft:dark_oak_log":8,"byg:lollipop_flower":1,"byg:jacaranda_log":89,"byg:aspen_log":20,"minecraft:potted_azalea_bush":1,"byg:green_enchanted_door":2,"minecraft:birch_slab":1,"minecraft:red_mushroom":1,"byg:richea":3,"byg:cyan_rose":1,"byg:imbued_green_enchanted_log":3,"minecraft:hay_block":7,"byg:brown_mushroom_stem":2,"minecraft:furnace":2,"minecraft:andesite":2,"byg:flowering_jacaranda_leaves":27,"minecraft:peony":8,"minecraft:lantern":4,"byg:magenta_amaranth":13,"minecraft:deepslate_iron_ore":3,"byg:white_mushroom_stem":2,"minecraft:vine":7,"byg:white_cherry_leaves":46,"crittersandcompanions:silk_cocoon":7,"byg:apple_fruit_block":7,"byg:white_anemone":12,"byg:orange_amaranth":7,"byg:rocky_stone":11,"monsters_and_girls:urn_1":1,"cfm:white_sofa":8,"minecraft:bamboo":1,"minecraft:stone":207,"byg:white_puffball":8,"byg:fairy_slipper":71,"minecraft:oak_slab":2,"minecraft:birch_stairs":5,"minecraft:scaffolding":22,"byg:jacaranda_bush":1,"minecraft:stripped_dark_oak_log":6,"minecraft:stone_brick_slab":1,"minecraft:oak_fence":1,"byg:cherry_log":29,"minecraft:crafting_table":6,"byg:amaranth":6,"byg:potted_orchard_sapling":1,"byg:green_enchanted_log":34,"minecraft:tall_grass":15,"minecraft:lapis_ore":4,"minecraft:deepslate_gold_ore":13,"cfm:stripped_dark_oak_table":2,"byg:japanese_orchid":12,"byg:ebony_leaves":3,"create:mechanical_saw":16,"minecraft:birch_planks":21,"byg:lush_dirt":3,"byg:horseweed":3,"minecraft:spruce_log":7,"minecraft:birch_leaves":9,"minecraft:yellow_bed":4,"minecraft:flower_pot":2,"minecraft:coal_ore":36,"minecraft:sunflower":1,"minecraft:gravel":4,"byg:ripe_orchard_leaves":98,"minecraft:dripstone_block":1,"byg:peat":1,"byg:potted_yellow_daffodil":1,"minecraft:dark_oak_planks":1,"minecraft:fern":15}},"DataVersion":3120}