{"stats":{"minecraft:killed_by":{"minecraft:zombie":1,"iceandfire:ghost":2,"iceandfire:cyclops":1,"minecraft:creeper":1,"iceandfire:fire_dragon":2,"minecraft:iron_golem":1},"minecraft:broken":{"minecraft:shears":1,"minecraft:chainmail_boots":1,"minecraft:wooden_pickaxe":1,"minecraft:stone_axe":1,"minecraft:golden_axe":3},"minecraft:killed":{"minecraft:skeleton":62,"minecraft:chicken":2,"minecraft:skeleton_horse":2,"minecraft:salmon":1,"minecraft:iron_golem":1,"minecraft:pillager":14,"minecraft:zombie":62,"minecraft:glow_squid":3,"minecraft:cow":24,"minecraft:husk":3,"monsters_and_girls:red_mushrom_gal":3,"iceandfire:ghost":1,"monsters_and_girls:gourdragora_medium":1,"minecraft:witch":1,"minecraft:spider":29,"minecraft:silverfish":3,"minecraft:pig":5,"minecraft:zombie_villager":2,"minecraft:creeper":8,"monsters_and_girls:tiny_bed_entity":1,"minecraft:sheep":17,"iceandfire:pixie":16,"crittersandcompanions:koi_fish":2,"minecraft:drowned":11,"minecraft:squid":1,"monsters_and_girls:spook":2},"minecraft:mined":{"minecraft:dark_oak_planks":1,"byg:maple_log":1,"minecraft:white_bed":1,"byg:warped_coral_fan":3,"byg:white_sage":2,"minecraft:jungle_leaves":41,"minecraft:obsidian":14,"minecraft:granite":8,"byg:pink_cherry_leaves":52,"minecraft:jungle_log":3,"iceandfire:pixie_house_oak":2,"byg:black_sand":8,"minecraft:crimson_fungus":2,"cfm:dark_oak_kitchen_drawer":2,"byg:mahogany_log":95,"minecraft:spawner":4,"minecraft:tall_seagrass":1,"byg:redwood_planks":4,"iceandfire:pixie_jar_3":2,"minecraft:fire":2,"minecraft:barrel":3,"minecraft:cobbled_deepslate":2,"byg:prairie_grass":9,"minecraft:deepslate_lapis_ore":3,"minecraft:cave_vines":2,"minecraft:dirt_path":2,"byg:pink_sand":23,"byg:rainbow_eucalyptus_leaves":70,"byg:torch_ginger":3,"byg:mahogany_sapling":1,"create:veridium":19,"bushierflowers:grown_poppy":2,"create:limestone":1,"byg:pollen_block":3,"minecraft:crimson_nylium":6,"minecraft:torch":11,"byg:imbued_blue_enchanted_log":19,"minecraft:melon":16,"minecraft:dead_bush":1,"byg:redwood_leaves":10,"minecraft:glass":2,"byg:cherry_door":1,"minecraft:sugar_cane":30,"byg:shelf_fungi":1,"byg:pink_anemone":22,"bushierflowers:grown_azure_bluet":2,"byg:soapstone":32,"byg:orchard_leaves":98,"byg:cyan_amaranth":22,"byg:lament_planks":1,"minecraft:wheat":1,"byg:jacaranda_planks":4,"minecraft:stone_brick_stairs":1,"minecraft:grass":324,"create:vertical_framed_glass_pane":2,"create:hand_crank":13,"byg:blueberry_bush":7,"byg:flowering_orchard_leaves":1,"minecraft:deepslate":19,"byg:redwood_log":89,"byg:clover_patch":2,"iceandfire:silver_ore":2,"byg:blue_enchanted_planks":1,"minecraft:stripped_birch_log":16,"minecraft:dark_oak_log":8,"byg:aspen_log":23,"minecraft:crimson_roots":13,"byg:green_enchanted_door":2,"minecraft:moss_block":1,"minecraft:red_mushroom":1,"byg:cyan_rose":1,"byg:richea":3,"byg:imbued_green_enchanted_log":4,"byg:warped_cactus":1,"minecraft:redstone_ore":1,"byg:brown_mushroom_stem":2,"byg:stripped_ebony_log":1,"minecraft:andesite":178,"byg:blue_sand":32,"byg:magenta_amaranth":25,"byg:white_mushroom_stem":2,"minecraft:vine":24,"byg:orange_amaranth":8,"byg:white_anemone":12,"byg:rocky_stone":11,"cfm:white_sofa":8,"minecraft:bamboo":2,"byg:white_puffball":8,"minecraft:birch_stairs":5,"minecraft:oak_slab":2,"minecraft:light_gray_carpet":1,"byg:jacaranda_bush":1,"byg:rainbow_eucalyptus_log":46,"minecraft:stone_brick_slab":1,"byg:osiria_rose":6,"byg:cherry_log":43,"byg:stripped_blue_enchanted_log":3,"iceandfire:pixie_house_mushroom_brown":1,"cfm:magenta_sofa":11,"byg:potted_orchard_sapling":1,"byg:green_enchanted_log":41,"minecraft:tall_grass":19,"minecraft:deepslate_gold_ore":20,"cfm:stripped_dark_oak_table":6,"monsters_and_girls:urn_2":9,"byg:ebony_leaves":3,"create:mechanical_saw":33,"byg:stripped_green_enchanted_log":1,"byg:horseweed":3,"byg:ebony_log":37,"minecraft:spruce_log":8,"byg:leaf_pile":2,"minecraft:birch_leaves":9,"byg:warped_bush":5,"minecraft:gravel":7,"minecraft:sunflower":2,"minecraft:dripstone_block":5,"byg:palo_verde_log":10,"byg:peat":2,"byg:potted_yellow_daffodil":1,"minecraft:stone_bricks":9,"byg:tall_allium":3,"minecraft:gold_ore":9,"minecraft:fern":33,"monsters_and_girls:big_red_mushroom":1,"byg:yellow_daffodil":8,"sophisticatedbackpacks:gold_backpack":1,"minecraft:cave_vines_plant":1,"minecraft:grass_block":287,"byg:blue_rose_bush":4,"byg:potted_richea":1,"create:tiled_glass":2,"byg:pink_allium":17,"minecraft:potted_birch_sapling":2,"byg:red_oak_leaves":76,"create:vertical_framed_glass":1,"byg:iris":5,"minecraft:iron_ore":69,"cfm:stripped_dark_oak_coffee_table":11,"minecraft:azure_bluet":6,"minecraft:dark_oak_stairs":6,"create:asurine":1,"minecraft:pointed_dripstone":31,"minecraft:iron_bars":4,"iceandfire:pixie_house_spruce":2,"byg:mahogany_leaves":57,"minecraft:azalea":1,"byg:purple_sand":20,"byg:tall_prairie_grass":10,"byg:white_sand":70,"byg:stripped_mahogany_log":3,"minecraft:orange_terracotta":2,"byg:white_cherry_foliage":22,"minecraft:clay":24,"minecraft:poppy":1,"iceandfire:ghost_chest":2,"minecraft:chest":7,"iceandfire:fire_lily":4,"byg:firecracker_flower_bush":1,"minecraft:cobblestone":15,"minecraft:oak_planks":3,"minecraft:wall_torch":3,"byg:lush_grass_block":6,"minecraft:seagrass":2,"byg:jacaranda_leaves":54,"byg:pine_planks":18,"minecraft:dark_oak_slab":2,"minecraft:nether_wart_block":8,"byg:warped_coral_block":5,"minecraft:birch_log":198,"byg:palo_verde_leaves":1,"byg:purple_amaranth":3,"byg:guzmania":1,"byg:blue_enchanted_log":76,"minecraft:oak_log":162,"minecraft:sand":324,"minecraft:dirt":343,"byg:aspen_leaves":4,"minecraft:infested_cracked_stone_bricks":1,"byg:pink_cherry_foliage":1,"byg:blue_sage":2,"minecraft:netherrack":20,"create:crimsite":2,"minecraft:oak_leaves":78,"minecraft:tuff":3,"minecraft:deepslate_diamond_ore":2,"byg:stripped_maple_log":1,"byg:lollipop_flower":1,"byg:jacaranda_log":150,"minecraft:potted_azalea_bush":1,"minecraft:birch_slab":1,"minecraft:rooted_dirt":2,"minecraft:crimson_stem":65,"minecraft:hay_block":39,"minecraft:furnace":2,"byg:begonia":2,"byg:flowering_jacaranda_leaves":27,"minecraft:peony":23,"minecraft:bookshelf":10,"minecraft:shroomlight":1,"minecraft:deepslate_iron_ore":8,"minecraft:lantern":4,"crittersandcompanions:silk_cocoon":8,"byg:white_cherry_leaves":46,"byg:apple_fruit_block":7,"monsters_and_girls:urn_1":12,"minecraft:stone":351,"byg:fairy_slipper":77,"iceandfire:pixie_jar_empty":4,"minecraft:podzol":2,"minecraft:scaffolding":22,"byg:cherry_planks":1,"minecraft:stripped_dark_oak_log":6,"minecraft:oak_fence":1,"minecraft:crafting_table":8,"byg:amaranth":15,"minecraft:lectern":2,"byg:warped_soul_soil":3,"minecraft:lapis_ore":6,"byg:japanese_orchid":19,"minecraft:birch_planks":22,"byg:lush_dirt":5,"iceandfire:pixie_house_mushroom_red":3,"minecraft:yellow_bed":4,"minecraft:coal_ore":62,"minecraft:flower_pot":2,"byg:ripe_orchard_leaves":98,"byg:embur_pedu":7,"byg:bistort":2,"minecraft:terracotta":15,"byg:shrub":1},"minecraft:picked_up":{"minecraft:wooden_axe":4,"byg:flowering_jacaranda_bush":1,"byg:white_cherry_sapling":23,"byg:mahogany_log":370,"minecraft:iron_chestplate":2,"iceandfire:copper_sword":1,"minecraft:chainmail_boots":1,"byg:lush_dirt":19,"minecraft:flower_pot":10,"byg:pink_allium":18,"minecraft:lead":2,"minecraft:diamond_sword":5,"minecraft:oak_stairs":1,"minecraft:enchanted_book":1,"byg:palo_verde_sapling":6,"byg:rainbow_eucalyptus_sapling":3,"iceandfire:manuscript":11,"minecraft:string":57,"create:limestone":2,"byg:blue_rose_bush":7,"minecraft:shroomlight":1,"byg:pine_log":64,"cfm:dark_oak_kitchen_drawer":2,"minecraft:diamond_leggings":8,"byg:richea":4,"minecraft:gold_nugget":55,"minecraft:cobbled_deepslate":16,"minecraft:spruce_planks":94,"crittersandcompanions:koi_fish":2,"minecraft:melon_slice":111,"byg:yellow_daffodil":9,"minecraft:golden_helmet":4,"cfm:stripped_dark_oak_coffee_table":11,"iceandfire:silver_ore":4,"byg:green_enchanted_door":2,"byg:pink_cherry_leaves":46,"byg:blue_enchanted_sapling":15,"minecraft:stone_sword":3,"byg:stripped_mahogany_log":3,"create:clipboard":1,"byg:mahogany_sapling":15,"byg:green_enchanted_sapling":3,"byg:guzmania":1,"minecraft:iron_bars":5,"minecraft:birch_log":199,"minecraft:feather":8,"minecraft:cooked_beef":40,"minecraft:birch_slab":4,"byg:purple_amaranth":43,"minecraft:water_bucket":3,"minecraft:jungle_log":4,"byg:red_oak_leaves":65,"byg:white_puffball_cap":11,"minecraft:lantern":4,"byg:blue_sand":119,"byg:white_sage":2,"byg:blueberries":31,"minecraft:diamond_helmet":4,"byg:pine_boat":1,"create_crush_everything:diamond_shard":2,"byg:jacaranda_planks":32,"sophisticatedbackpacks:iron_backpack":3,"minecraft:ink_sac":4,"minecraft:dark_oak_log":200,"create:tiled_glass":2,"minecraft:barrel":3,"byg:black_sand":16,"create:crimsite":3,"byg:pink_anemone":20,"byg:aspen_log":88,"minecraft:granite":27,"minecraft:rooted_dirt":1,"minecraft:light_gray_carpet":1,"byg:pine_planks":17,"minecraft:crimson_roots":17,"minecraft:diamond_pickaxe":9,"sophisticatedbackpacks:gold_backpack":1,"minecraft:crafting_table":12,"iceandfire:witherbone":1,"minecraft:clay_ball":88,"minecraft:leather_leggings":1,"byg:white_sand":67,"minecraft:cornflower":1,"monsters_and_girls:tiny_bed":2,"byg:horseweed":10,"cfm:stripped_dark_oak_table":6,"minecraft:flint_and_steel":3,"byg:pink_allium_flower_bush":1,"minecraft:beef":60,"minecraft:poppy":4,"minecraft:iron_nugget":17,"byg:shrub":1,"minecraft:chest":7,"minecraft:birch_sapling":22,"minecraft:egg":2,"cfm:white_sofa":8,"monsters_and_girls:red_mushroom_hat_helmet":3,"byg:ebony_sapling":19,"minecraft:carrot":1,"minecraft:redstone":4,"byg:lollipop_flower":1,"minecraft:diamond_chestplate":5,"byg:purple_sand":39,"minecraft:peony":21,"minecraft:shears":4,"minecraft:diamond_boots":6,"minecraft:hay_block":67,"minecraft:gold_ingot":2,"byg:white_puffball_spores":21,"minecraft:glow_berries":2,"minecraft:mutton":38,"minecraft:white_wool":43,"minecraft:oxeye_daisy":1,"create:iron_sheet":41,"create:vertical_framed_glass_pane":2,"byg:jacaranda_sapling":6,"byg:japanese_orchid":19,"cfm:magenta_sofa":15,"minecraft:red_mushroom":6,"minecraft:oak_log":364,"byg:begonia":5,"byg:white_anemone":12,"iceandfire:pixie_jar_3":3,"byg:magenta_amaranth":110,"minecraft:paper":27,"minecraft:white_banner":1,"iceandfire:pixie_house_mushroom_red":6,"byg:cyan_amaranth":163,"byg:white_cherry_leaves":43,"minecraft:apple":517,"minecraft:stone_bricks":9,"iceandfire:pixie_jar_empty":11,"byg:ebony_log":200,"byg:torch_ginger":3,"minecraft:stone_pickaxe":3,"minecraft:cobweb":5,"minecraft:dark_oak_stairs":6,"create:mechanical_saw":36,"monsters_and_girls:big_red_mushroom":1,"minecraft:dark_oak_slab":3,"minecraft:sweet_berries":21,"minecraft:gravel":6,"minecraft:birch_stairs":36,"byg:warped_cactus":3,"minecraft:spruce_sapling":19,"minecraft:spruce_log":205,"byg:redwood_sapling":20,"minecraft:diamond_shovel":3,"iceandfire:pixie_house_spruce":2,"byg:cherry_log":541,"minecraft:diamond_axe":11,"minecraft:painting":47,"byg:stripped_ebony_log":1,"minecraft:stripped_dark_oak_log":6,"minecraft:ender_pearl":3,"minecraft:wheat":1,"byg:rainbow_eucalyptus_leaves":23,"byg:redwood_planks":4,"byg:redwood_trapdoor":1,"byg:amaranth":101,"minecraft:iron_leggings":3,"byg:blue_enchanted_log":258,"minecraft:bucket":1,"byg:blue_sage":2,"minecraft:rose_bush":2,"minecraft:cobblestone_slab":4,"minecraft:calcite":4,"minecraft:iron_boots":2,"minecraft:furnace":4,"minecraft:tipped_arrow":3,"iceandfire:pixie_dust":80,"minecraft:stick":661,"iceandfire:ghost_chest":2,"minecraft:oak_fence":1,"minecraft:torch":287,"iceandfire:pixie_house_mushroom_brown":1,"minecraft:porkchop":18,"minecraft:pointed_dripstone":74,"minecraft:diorite":29,"minecraft:vine":5,"byg:aspen_sapling":5,"minecraft:rotten_flesh":205,"byg:blue_enchanted_planks":1,"byg:cyan_rose":1,"byg:bistort":4,"create:asurine":1,"create:veridium":19,"minecraft:obsidian":13,"minecraft:cobblestone":618,"minecraft:nautilus_shell":3,"minecraft:andesite":177,"minecraft:potato":3,"minecraft:tuff":1,"byg:orchard_sapling":19,"minecraft:lapis_lazuli":57,"minecraft:dirt":768,"minecraft:stripped_birch_log":28,"byg:imbued_blue_enchanted_log":69,"createaddition:alternator":2,"minecraft:leather_boots":1,"minecraft:glass":4,"minecraft:bone":134,"minecraft:bow":12,"minecraft:wheat_seeds":70,"minecraft:raw_gold":23,"byg:stripped_green_enchanted_log":1,"byg:warped_coral_block":4,"byg:cherry_door":1,"minecraft:bamboo":46,"minecraft:oak_planks":115,"byg:green_enchanted_log":199,"minecraft:cooked_porkchop":6,"byg:pink_cherry_sapling":84,"byg:pollen_dust":8,"minecraft:sand":307,"byg:flowering_jacaranda_leaves":16,"byg:iris":8,"minecraft:dead_bush":1,"minecraft:grass_block":3,"iceandfire:pixie_wings":1,"byg:jacaranda_leaves":32,"minecraft:jungle_leaves":36,"minecraft:diamond":8,"minecraft:crossbow":4,"byg:cherry_planks":1,"minecraft:bone_meal":16,"minecraft:emerald":53,"byg:imbued_green_enchanted_log":19,"minecraft:oak_sapling":55,"minecraft:netherrack":32,"minecraft:oak_leaves":36,"minecraft:chicken":1,"byg:soapstone":59,"minecraft:azure_bluet":10,"byg:holly_sapling":4,"iceandfire:pixie_house_oak":4,"minecraft:ladder":3,"byg:rainbow_eucalyptus_planks":4,"iceandfire:fire_lily":8,"minecraft:wooden_pickaxe":1,"monsters_and_girls:nether_stew":60,"byg:peat":1,"minecraft:chain":1,"minecraft:shield":16,"minecraft:iron_axe":2,"byg:pink_sand":53,"byg:redwood_log":693,"minecraft:lectern":4,"minecraft:sugar_cane":70,"crittersandcompanions:clam":6,"minecraft:dark_oak_sapling":77,"minecraft:raw_iron":81,"iceandfire:dragonbone":3,"byg:jacaranda_bush":1,"minecraft:bowl":9,"create:hand_crank":30,"minecraft:dark_oak_planks":13,"byg:biomepedia":1,"iceandfire:silver_ingot":3,"iceandfire:pixie_jar_0":3,"minecraft:arrow":330,"minecraft:weeping_vines":1,"minecraft:pumpkin_pie":22,"byg:orange_amaranth":37,"crittersandcompanions:silk":63,"byg:rocky_stone":11,"iceandfire:pixie_jar_4":1,"minecraft:crimson_stem":61,"minecraft:leather":72,"minecraft:birch_planks":20,"iceandfire:pixie_wand":3,"minecraft:crimson_fungus":2,"create:andesite_alloy":1,"minecraft:chainmail_chestplate":1,"iceandfire:ectoplasm":2,"iceandfire:pixie_jar_2":1,"minecraft:yellow_bed":4,"minecraft:nether_wart_block":8,"minecraft:gunpowder":14,"byg:firecracker_flower_bush":1,"minecraft:orange_terracotta":2,"byg:osiria_rose":10,"byg:pink_cherry_foliage":2,"byg:rainbow_eucalyptus_log":84,"byg:lament_planks":1,"minecraft:rabbit_hide":8,"minecraft:iron_ingot":35,"minecraft:cooked_chicken":4,"byg:stripped_blue_enchanted_log":3,"byg:jacaranda_log":511,"minecraft:book":46,"byg:stripped_maple_log":1,"minecraft:oak_slab":2,"minecraft:scaffolding":59,"byg:maple_log":3,"minecraft:emerald_block":58,"byg:fairy_slipper":76,"minecraft:stone_brick_slab":13,"minecraft:dripstone_block":28,"minecraft:dandelion":2,"byg:warped_soul_soil":3,"minecraft:amethyst_shard":22,"minecraft:white_bed":2,"minecraft:spider_eye":29,"byg:holly_log":22,"create:extendo_grip":1,"byg:embur_pedu":3,"minecraft:pumpkin_seeds":1,"byg:white_cherry_foliage":28,"byg:tall_allium":3,"byg:palo_verde_log":14,"minecraft:terracotta":15,"minecraft:coal":127},"minecraft:crafted":{"minecraft:oak_sign":6,"minecraft:oak_pressure_plate":1,"minecraft:birch_slab":36,"minecraft:cooked_mutton":5,"cfm:stripped_dark_oak_table":4,"create:framed_glass_door":1,"byg:blue_enchanted_planks":12,"minecraft:glass":311,"create:andesite_funnel":18,"minecraft:diamond_helmet":2,"minecraft:diamond_leggings":1,"cfm:white_sofa":2,"sophisticatedbackpacks:tank_upgrade":1,"byg:cherry_planks":272,"cfm:stripped_birch_chair":4,"minecraft:magenta_dye":8,"create:cogwheel":7,"minecraft:flower_pot":16,"iceandfire:ambrosia":15,"minecraft:emerald":1645,"minecraft:cooked_porkchop":5,"create:vertical_framed_glass_pane":80,"minecraft:diamond_axe":1,"minecraft:copper_ingot":64,"minecraft:campfire":2,"cfm:dark_oak_kitchen_drawer":8,"minecraft:painting":5,"byg:redwood_planks":1160,"byg:jacaranda_door":3,"byg:mahogany_slab":12,"minecraft:iron_pickaxe":1,"minecraft:gold_ingot":31,"minecraft:light_gray_dye":5,"minecraft:birch_stairs":32,"minecraft:magenta_wool":8,"minecraft:iron_nugget":324,"minecraft:light_gray_wool":4,"minecraft:bone_meal":60,"minecraft:pink_dye":3,"byg:green_enchanted_door":3,"minecraft:white_carpet":3,"byg:cherry_door":3,"minecraft:lantern":19,"minecraft:ladder":6,"minecraft:stone_pickaxe":1,"minecraft:diamond_boots":1,"minecraft:dark_oak_planks":488,"minecraft:wheat":198,"minecraft:crossbow":1,"cfm:stripped_dark_oak_coffee_table":4,"monsters_and_girls:red_mushroom_hat_helmet":1,"iceandfire:pixie_jar_empty":5,"sophisticatedbackpacks:gold_backpack":3,"byg:green_enchanted_planks":8,"minecraft:enchanted_book":8,"monsters_and_girls:tiny_bed":2,"byg:mahogany_stairs":20,"minecraft:oak_stairs":28,"minecraft:wooden_axe":1,"minecraft:white_bed":2,"create:shaft":64,"byg:aspen_planks":52,"create:tiled_glass":8,"minecraft:brick":88,"minecraft:oak_planks":4680,"minecraft:barrel":43,"byg:redwood_door":3,"iceandfire:lectern":1,"minecraft:stone":25,"byg:pine_planks":256,"minecraft:stone_brick_slab":12,"minecraft:bow":2,"minecraft:chest":23,"minecraft:oak_fence":24,"minecraft:stone_bricks":12,"minecraft:golden_sword":1,"minecraft:smoker":1,"minecraft:item_frame":2,"minecraft:oak_slab":36,"sophisticatedbackpacks:backpack":3,"minecraft:arrow":128,"minecraft:cauldron":13,"minecraft:crafting_table":8,"minecraft:spruce_planks":7624,"minecraft:wooden_pickaxe":1,"minecraft:birch_planks":460,"sophisticatedbackpacks:upgrade_base":1,"byg:blue_enchanted_door":3,"minecraft:dark_oak_slab":66,"minecraft:book":7,"minecraft:iron_chestplate":1,"minecraft:paper":42,"minecraft:diamond_pickaxe":1,"minecraft:charcoal":16,"minecraft:emerald_block":129,"minecraft:yellow_dye":1,"minecraft:shield":1,"create:framed_glass":1,"minecraft:stick":29540,"minecraft:iron_ingot":84,"byg:maple_planks":4,"create:vertical_framed_glass":31,"minecraft:stone_sword":1,"byg:ebony_planks":32,"minecraft:light_gray_carpet":6,"minecraft:shears":2,"byg:jacaranda_planks":2928,"byg:mahogany_trapdoor":22,"minecraft:stone_brick_wall":6,"minecraft:leather_boots":1,"minecraft:furnace":8,"minecraft:dark_oak_sign":3,"minecraft:oak_trapdoor":26,"minecraft:iron_axe":1,"cfm:magenta_sofa":4,"byg:mahogany_planks":180,"create:basin":12,"iceandfire:pixie_wand":1,"sophisticatedbackpacks:iron_backpack":3,"minecraft:cooked_beef":4,"minecraft:red_dye":1,"minecraft:crimson_planks":36,"create:andesite_alloy":84,"create:hand_crank":1,"minecraft:diamond_sword":2,"minecraft:cyan_dye":1,"minecraft:dark_oak_stairs":100,"minecraft:iron_sword":1,"minecraft:bowl":8,"minecraft:bucket":2,"minecraft:stone_axe":1,"minecraft:bread":66,"minecraft:air":0,"minecraft:jungle_planks":4,"iceandfire:bestiary":1,"minecraft:white_wool":2,"minecraft:stonecutter":2,"minecraft:torch":284,"minecraft:diamond_chestplate":2},"minecraft:used":{"byg:jacaranda_log":3,"minecraft:chest":23,"byg:pine_planks":127,"minecraft:stone":7,"create:tiled_glass":2,"byg:blue_enchanted_door":1,"byg:purple_sand":1,"byg:green_enchanted_door":2,"minecraft:grass_block":3,"cfm:stripped_dark_oak_table":10,"byg:blue_enchanted_planks":5,"minecraft:dark_oak_slab":12,"minecraft:bow":68,"minecraft:furnace":9,"byg:blue_enchanted_log":3,"minecraft:diorite":19,"cfm:magenta_sofa":14,"create:crimsite":1,"minecraft:wooden_pickaxe":59,"byg:peat":1,"byg:cherry_planks":2,"minecraft:oak_leaves":3,"byg:mahogany_sapling":2,"byg:yellow_daffodil":3,"byg:blueberries":6,"byg:guzmania":1,"minecraft:birch_slab":6,"minecraft:lectern":1,"byg:pink_allium":1,"byg:orchard_sapling":6,"byg:ebony_log":1,"minecraft:nether_wart_block":7,"minecraft:diamond_sword":580,"byg:jacaranda_sapling":6,"minecraft:birch_log":16,"byg:white_cherry_leaves":43,"minecraft:oak_trapdoor":26,"cfm:stripped_birch_chair":4,"minecraft:iron_bars":1,"minecraft:stone_sword":109,"minecraft:light_gray_carpet":7,"create:vertical_framed_glass_pane":24,"minecraft:netherrack":2,"minecraft:torch":148,"iceandfire:copper_sword":16,"byg:mahogany_log":78,"byg:pink_anemone":10,"byg:lush_dirt":8,"minecraft:shroomlight":1,"minecraft:iron_axe":110,"byg:cherry_door":2,"minecraft:barrel":14,"minecraft:diamond_chestplate":1,"byg:jacaranda_bush":1,"minecraft:beef":3,"byg:pink_cherry_sapling":10,"minecraft:pointed_dripstone":1,"minecraft:cobbled_deepslate":10,"minecraft:golden_axe":118,"sophisticatedbackpacks:gold_backpack":1,"byg:redwood_door":1,"minecraft:water_bucket":16,"minecraft:wheat_seeds":1,"minecraft:birch_planks":99,"cfm:dark_oak_kitchen_drawer":10,"byg:cherry_log":3,"byg:rocky_stone":11,"minecraft:crafting_table":15,"byg:redwood_log":27,"minecraft:vine":1,"minecraft:oak_slab":10,"byg:green_enchanted_log":1,"byg:redwood_trapdoor":1,"minecraft:white_bed":4,"minecraft:campfire":2,"iceandfire:pixie_jar_4":1,"minecraft:spruce_log":3,"minecraft:oak_log":25,"minecraft:diamond_pickaxe":730,"minecraft:oxeye_daisy":1,"minecraft:diamond_shovel":959,"cfm:white_sofa":10,"minecraft:iron_pickaxe":86,"minecraft:cobblestone":272,"byg:flowering_jacaranda_leaves":9,"minecraft:porkchop":3,"minecraft:cooked_porkchop":9,"byg:cyan_amaranth":2,"minecraft:dandelion":2,"minecraft:diamond_leggings":3,"byg:flowering_jacaranda_bush":1,"minecraft:shield":179,"byg:imbued_blue_enchanted_log":3,"iceandfire:pixie_house_mushroom_brown":1,"minecraft:iron_sword":137,"minecraft:iron_chestplate":2,"minecraft:jungle_planks":1,"minecraft:carrot":2,"byg:pink_cherry_leaves":45,"minecraft:tuff":1,"byg:magenta_amaranth":3,"byg:maple_log":2,"minecraft:obsidian":2,"minecraft:glass":39,"byg:white_anemone":6,"byg:orange_amaranth":1,"byg:stripped_mahogany_log":2,"minecraft:lantern":23,"minecraft:crimson_roots":7,"minecraft:item_frame":2,"minecraft:scaffolding":32,"byg:pink_sand":1,"iceandfire:pixie_jar_empty":4,"minecraft:dark_oak_stairs":54,"minecraft:diamond_boots":4,"minecraft:stone_pickaxe":89,"minecraft:dark_oak_sign":3,"minecraft:oak_planks":69,"minecraft:sugar_cane":28,"minecraft:diamond_axe":1060,"create:mechanical_saw":32,"minecraft:white_wool":1,"minecraft:mushroom_stew":1,"minecraft:crossbow":3,"minecraft:stone_brick_wall":2,"monsters_and_girls:tiny_bed":4,"iceandfire:pixie_jar_0":2,"minecraft:shears":354,"byg:jacaranda_leaves":11,"byg:shrub":1,"minecraft:melon_slice":61,"minecraft:bread":28,"minecraft:dark_oak_log":7,"cfm:stripped_dark_oak_coffee_table":15,"minecraft:gravel":3,"minecraft:golden_helmet":1,"iceandfire:pixie_house_mushroom_red":2,"minecraft:andesite":8,"create:framed_glass_door":1,"minecraft:bone_meal":20,"byg:jacaranda_planks":39,"byg:holly_log":1,"minecraft:oak_fence":9,"create:clipboard":22,"minecraft:jungle_leaves":2,"byg:firecracker_flower_bush":1,"minecraft:flint_and_steel":1,"minecraft:dried_kelp":1,"minecraft:spruce_planks":4,"minecraft:cooked_chicken":4,"minecraft:dirt":449,"minecraft:white_carpet":2,"minecraft:diamond_helmet":4,"minecraft:granite":12,"minecraft:dark_oak_planks":54,"byg:pink_cherry_foliage":2,"minecraft:wooden_axe":54,"minecraft:stone_brick_slab":13,"create:vertical_framed_glass":1,"minecraft:crimson_planks":36,"byg:blue_sand":1,"minecraft:cooked_beef":12,"monsters_and_girls:nether_stew":19,"iceandfire:pixie_jar_3":3,"minecraft:cooked_mutton":5,"byg:white_cherry_foliage":27,"byg:pink_allium_flower_bush":1,"byg:rainbow_eucalyptus_leaves":3,"minecraft:stonecutter":2,"byg:fairy_slipper":73,"minecraft:terracotta":12,"byg:red_oak_leaves":1,"byg:jacaranda_door":1,"minecraft:painting":49,"minecraft:smoker":1,"byg:japanese_orchid":15,"minecraft:flower_pot":24,"minecraft:apple":344,"iceandfire:ambrosia":13,"byg:soapstone":31,"minecraft:stone_axe":133,"minecraft:white_banner":1,"byg:redwood_planks":33,"minecraft:bucket":18,"minecraft:pumpkin_pie":9,"minecraft:yellow_bed":3,"create:hand_crank":25,"minecraft:birch_stairs":21,"minecraft:smooth_stone":2,"byg:lament_planks":1,"iceandfire:lectern":1,"minecraft:peony":9},"minecraft:dropped":{"byg:biomepedia":1,"byg:cyan_amaranth":159,"byg:white_sand":3,"minecraft:crossbow":4,"minecraft:glow_berries":1,"byg:fairy_slipper":1,"minecraft:rooted_dirt":1,"iceandfire:ectoplasm":1,"minecraft:red_mushroom":4,"minecraft:dirt":172,"byg:magenta_amaranth":97,"minecraft:chain":1,"minecraft:gold_nugget":12,"minecraft:bone_meal":4,"minecraft:sand":3,"minecraft:dark_oak_planks":128,"minecraft:birch_stairs":3,"minecraft:bone":2,"minecraft:iron_nugget":18,"minecraft:birch_sapling":20,"minecraft:wheat":1,"minecraft:obsidian":13,"byg:jacaranda_planks":3,"minecraft:rotten_flesh":4,"minecraft:oak_planks":3,"iceandfire:pixie_house_spruce":2,"create:asurine":1,"byg:redwood_planks":3,"iceandfire:ghost_chest":2,"cfm:magenta_sofa":1,"minecraft:jungle_log":3,"create:limestone":2,"minecraft:leather_boots":1,"minecraft:ladder":2,"minecraft:leather_leggings":1,"minecraft:painting":1,"minecraft:glass":4,"byg:warped_coral_block":1,"byg:blue_enchanted_log":1,"minecraft:lectern":2,"byg:pink_cherry_sapling":5,"minecraft:wheat_seeds":31,"minecraft:dripstone_block":24,"minecraft:book":1,"minecraft:cobblestone":13,"minecraft:apple":1,"byg:white_puffball_cap":1,"byg:orchard_sapling":4,"minecraft:cobweb":5,"minecraft:wooden_axe":1,"minecraft:rose_bush":2,"byg:rainbow_eucalyptus_sapling":1,"minecraft:dead_bush":1,"minecraft:oak_stairs":29,"create:vertical_framed_glass_pane":16,"minecraft:paper":18,"minecraft:string":5,"minecraft:spruce_sapling":19,"minecraft:stone_brick_slab":12,"minecraft:stone_sword":2,"minecraft:bowl":2,"minecraft:chicken":1,"minecraft:iron_boots":1,"iceandfire:ambrosia":2,"byg:pink_anemone":9,"minecraft:oak_sign":6,"minecraft:pumpkin_seeds":1,"crittersandcompanions:silk":4,"byg:rainbow_eucalyptus_log":1,"minecraft:potato":1,"minecraft:flower_pot":2,"byg:aspen_sapling":3,"minecraft:diamond_pickaxe":5,"create:hand_crank":3,"byg:amaranth":93,"minecraft:spider_eye":5,"minecraft:stone_bricks":9,"minecraft:bamboo":27,"minecraft:bow":7,"create:tiled_glass":3,"minecraft:terracotta":3,"minecraft:birch_planks":186,"minecraft:dark_oak_stairs":34,"minecraft:diamond_axe":6,"minecraft:oak_log":2,"minecraft:leather":8,"byg:begonia":1,"create:crimsite":1,"iceandfire:pixie_house_oak":2,"byg:white_puffball_spores":10,"minecraft:crimson_roots":3,"minecraft:pumpkin_pie":2,"minecraft:amethyst_shard":7,"create:iron_sheet":81,"minecraft:birch_log":62,"minecraft:cauldron":13,"minecraft:pointed_dripstone":73,"byg:pine_planks":1,"iceandfire:fire_lily":4,"byg:rainbow_eucalyptus_leaves":3,"byg:palo_verde_sapling":2,"minecraft:chainmail_chestplate":1,"minecraft:rabbit_hide":5,"minecraft:gunpowder":4,"iceandfire:pixie_dust":1,"iceandfire:pixie_wand":1,"minecraft:iron_bars":4,"minecraft:arrow":6,"minecraft:scaffolding":19,"byg:cherry_log":25,"minecraft:golden_helmet":4,"create:mechanical_saw":1,"byg:horseweed":10,"minecraft:diamond_leggings":2,"iceandfire:pixie_jar_0":1,"minecraft:stick":18,"byg:pink_cherry_leaves":1,"create:extendo_grip":1,"minecraft:torch":294,"byg:soapstone":14,"minecraft:melon_slice":16,"minecraft:iron_leggings":2,"minecraft:iron_axe":2,"byg:white_cherry_foliage":1,"byg:purple_amaranth":43,"iceandfire:dragonbone":3,"byg:aspen_log":1,"iceandfire:witherbone":1,"byg:tall_allium":3,"byg:redwood_log":68,"iceandfire:silver_ore":2,"minecraft:shield":2,"iceandfire:copper_sword":1,"minecraft:diamond_chestplate":1,"minecraft:orange_terracotta":2,"minecraft:iron_chestplate":2,"createaddition:alternator":2,"minecraft:golden_leggings":1,"minecraft:oak_sapling":5,"minecraft:golden_sword":1,"minecraft:spruce_log":17,"byg:orange_amaranth":32,"minecraft:stone_pickaxe":1,"minecraft:wooden_pickaxe":1,"minecraft:calcite":4,"byg:pine_boat":1},"minecraft:custom":{"minecraft:interact_with_crafting_table":260,"minecraft:open_barrel":31,"minecraft:leave_game":23,"minecraft:time_since_death":130351,"minecraft:damage_blocked_by_shield":7350,"minecraft:play_time":1889346,"minecraft:deaths":9,"minecraft:jump":25319,"minecraft:interact_with_furnace":170,"minecraft:traded_with_villager":998,"minecraft:sleep_in_bed":58,"minecraft:damage_dealt":41872,"minecraft:interact_with_smoker":5,"minecraft:horse_one_cm":1177,"minecraft:interact_with_anvil":30,"minecraft:sneak_time":4850,"minecraft:total_world_time":1889346,"minecraft:interact_with_stonecutter":8,"minecraft:time_since_rest":22885,"minecraft:swim_one_cm":547806,"minecraft:fly_one_cm":5238913,"minecraft:open_chest":722,"minecraft:fall_one_cm":972100,"minecraft:sprint_one_cm":3234666,"minecraft:drop":337,"minecraft:talked_to_villager":475,"minecraft:walk_on_water_one_cm":185362,"minecraft:crouch_one_cm":9181,"minecraft:mob_kills":306,"minecraft:interact_with_campfire":40,"minecraft:climb_one_cm":96536,"minecraft:walk_one_cm":3206147,"minecraft:walk_under_water_one_cm":223140,"minecraft:raid_trigger":1,"minecraft:pot_flower":22,"minecraft:damage_taken":13167,"minecraft:damage_absorbed":719}},"DataVersion":3120}