{"stats":{"minecraft:dropped":{"minecraft:brown_mushroom":1,"minecraft:wheat_seeds":35,"minecraft:feather":2,"byg:pink_allium_flower_bush":1,"minecraft:wooden_axe":1,"minecraft:rotten_flesh":1,"byg:tall_allium":2,"minecraft:oak_sapling":3,"minecraft:spider_eye":1},"minecraft:killed_by":{"minecraft:spider":1,"minecraft:skeleton":1},"minecraft:crafted":{"minecraft:oak_planks":32,"minecraft:furnace":1,"minecraft:dark_oak_sign":3,"minecraft:bone_meal":3,"byg:aspen_boat":1,"minecraft:stone_pickaxe":1,"minecraft:chest":2,"sophisticatedbackpacks:backpack":1,"minecraft:cooked_porkchop":8,"minecraft:crafting_table":2,"minecraft:wooden_pickaxe":1,"minecraft:baked_potato":15,"minecraft:stone_axe":1,"minecraft:bread":2,"minecraft:air":0,"minecraft:jungle_planks":4,"minecraft:shield":1,"minecraft:stick":20,"minecraft:iron_ingot":1,"minecraft:wooden_axe":4,"minecraft:torch":8,"byg:aspen_planks":44},"minecraft:picked_up":{"minecraft:wooden_axe":1,"minecraft:cocoa_beans":25,"minecraft:crafting_table":6,"minecraft:wheat":6,"minecraft:chicken":1,"minecraft:brown_mushroom":1,"byg:tall_pink_allium":7,"byg:amaranth":4,"minecraft:string":2,"monsters_and_girls:tiny_bed":2,"minecraft:raw_copper":48,"byg:pink_allium_flower_bush":1,"minecraft:jungle_sapling":1,"minecraft:iron_nugget":1,"iceandfire:ambrosia":1,"minecraft:furnace":3,"minecraft:raw_iron":1,"minecraft:stick":6,"minecraft:torch":35,"iceandfire:silver_ore":1,"monsters_and_girls:monsters_and_girls_changelog":1,"minecraft:porkchop":11,"minecraft:carrot":25,"byg:biomepedia":1,"minecraft:arrow":8,"minecraft:rotten_flesh":3,"minecraft:pumpkin_pie":1,"byg:orange_amaranth":1,"byg:aspen_planks":1,"crittersandcompanions:silk":5,"minecraft:mutton":3,"minecraft:skeleton_skull":3,"minecraft:white_wool":2,"minecraft:cobblestone":23,"minecraft:feather":2,"byg:purple_amaranth":2,"minecraft:jungle_log":18,"minecraft:leather":4,"minecraft:brown_wool":1,"minecraft:potato":38,"minecraft:oak_log":8,"minecraft:gunpowder":2,"minecraft:dirt":4,"minecraft:bone":4,"minecraft:stonecutter":1,"minecraft:wheat_seeds":45,"minecraft:dark_oak_sign":2,"minecraft:bamboo":22,"minecraft:oak_planks":20,"byg:rose":1,"byg:aspen_boat":1,"byg:orange_daisy":1,"minecraft:white_bed":2,"minecraft:spider_eye":1,"create:crimsite":13,"byg:aspen_log":13,"byg:tall_allium":2,"minecraft:rooted_dirt":11,"minecraft:oak_sapling":3,"minecraft:coal":4},"minecraft:used":{"minecraft:chest":1,"minecraft:shield":32,"minecraft:torch":2,"minecraft:dirt":4,"minecraft:mutton":3,"minecraft:carrot":31,"byg:aspen_planks":2,"minecraft:wooden_axe":48,"minecraft:rooted_dirt":11,"byg:amaranth":4,"byg:rose":1,"minecraft:furnace":3,"minecraft:skeleton_skull":3,"minecraft:potato":20,"minecraft:dark_oak_sign":3,"minecraft:stone_pickaxe":57,"minecraft:baked_potato":14,"minecraft:oak_planks":23,"create:crimsite":13,"minecraft:wooden_pickaxe":19,"minecraft:white_wool":2,"minecraft:crafting_table":8,"monsters_and_girls:tiny_bed":2,"iceandfire:ambrosia":1,"minecraft:bread":2,"minecraft:brown_wool":1,"byg:aspen_boat":1,"byg:orange_daisy":1,"minecraft:stone_axe":101,"minecraft:cobblestone":8,"minecraft:cooked_porkchop":6,"minecraft:porkchop":3,"byg:purple_amaranth":2,"minecraft:pumpkin_pie":1},"minecraft:mined":{"minecraft:white_bed":1,"iceandfire:silver_ore":1,"minecraft:jungle_leaves":2,"minecraft:grass_block":3,"byg:aspen_log":11,"minecraft:jungle_log":18,"minecraft:furnace":3,"minecraft:carrots":13,"minecraft:iron_ore":1,"minecraft:potatoes":12,"minecraft:vine":6,"crittersandcompanions:silk_cocoon":1,"byg:orange_amaranth":1,"minecraft:bamboo":3,"minecraft:stone":21,"minecraft:crafting_table":6,"byg:amaranth":4,"minecraft:copper_ore":13,"minecraft:tall_grass":20,"minecraft:cobblestone":2,"minecraft:oak_planks":20,"minecraft:skeleton_skull":3,"minecraft:wheat":19,"byg:leaf_pile":1,"byg:purple_amaranth":2,"minecraft:grass":31,"minecraft:oak_log":8,"minecraft:coal_ore":2,"minecraft:dark_oak_sign":2,"minecraft:cocoa":9,"byg:rose":1,"byg:tall_pink_allium":5,"minecraft:dirt":1,"byg:orange_daisy":1,"minecraft:stonecutter":1,"byg:tall_allium":1,"create:crimsite":13,"minecraft:oak_leaves":58,"minecraft:fern":2},"minecraft:killed":{"minecraft:spider":1,"minecraft:horse":2,"minecraft:skeleton":5,"minecraft:chicken":1,"minecraft:pig":5,"minecraft:creeper":1,"monsters_and_girls:tiny_bed_entity":2,"minecraft:sheep":3,"minecraft:trader_llama":1,"minecraft:zombie":3},"minecraft:custom":{"minecraft:mob_kills":24,"minecraft:interact_with_crafting_table":21,"minecraft:open_barrel":12,"minecraft:leave_game":8,"minecraft:time_since_death":134167,"minecraft:climb_one_cm":6366,"minecraft:sprint_one_cm":266797,"minecraft:walk_one_cm":329556,"minecraft:damage_blocked_by_shield":1150,"minecraft:drop":14,"minecraft:talked_to_villager":1,"minecraft:play_time":142835,"minecraft:deaths":2,"minecraft:sneak_time":3359,"minecraft:walk_under_water_one_cm":4735,"minecraft:boat_one_cm":1698,"minecraft:jump":2801,"minecraft:walk_on_water_one_cm":5321,"minecraft:total_world_time":142835,"minecraft:interact_with_furnace":10,"minecraft:sleep_in_bed":1,"minecraft:time_since_rest":23412,"minecraft:damage_taken":2126,"minecraft:damage_absorbed":121,"minecraft:damage_dealt":3434,"minecraft:swim_one_cm":5149,"minecraft:fly_one_cm":594577,"minecraft:open_chest":48,"minecraft:crouch_one_cm":6425,"minecraft:fall_one_cm":94590}},"DataVersion":3120}