{"stats":{"minecraft:used":{"minecraft:iron_shovel":1410,"byg:jacaranda_log":1,"create:piston_extension_pole":4,"minecraft:spruce_slab":27,"minecraft:ladder":12,"minecraft:poppy":8,"minecraft:shield":102,"minecraft:chest":14,"minecraft:iron_sword":220,"byg:jacaranda_boat":23,"minecraft:soul_sand":4,"byg:aspen_planks":4,"minecraft:azure_bluet":1,"minecraft:spruce_boat":21,"minecraft:glass":91,"byg:cherry_sign":12,"minecraft:lava_bucket":10,"create:crafting_blueprint":3,"byg:jacaranda_slab":63,"minecraft:bow":362,"create:mechanical_piston":1,"minecraft:furnace":3,"minecraft:egg":2,"minecraft:potato":25,"minecraft:diorite":3,"minecraft:wither_skeleton_skull":3,"minecraft:powered_rail":88,"minecraft:stone_pickaxe":102,"minecraft:oak_planks":276,"minecraft:wooden_pickaxe":21,"minecraft:composter":1,"minecraft:diamond_axe":987,"minecraft:golden_apple":3,"minecraft:blast_furnace":8,"byg:redwood_sign":23,"minecraft:crossbow":54,"minecraft:redstone_torch":4,"minecraft:lever":5,"minecraft:bread":10,"minecraft:lectern":812,"byg:pink_allium":1,"minecraft:soul_lantern":1,"minecraft:gravel":73,"byg:orchard_sapling":66,"minecraft:nether_wart_block":1,"minecraft:diamond_sword":316,"byg:cherry_stairs":28,"iceandfire:dragon_skull_fire":1,"minecraft:grindstone":1,"minecraft:smithing_table":5,"minecraft:oak_boat":11,"byg:redwood_slab":20,"byg:jacaranda_planks":9,"minecraft:oak_trapdoor":7,"minecraft:stone_sword":45,"minecraft:flint_and_steel":50,"minecraft:redstone":16,"minecraft:spruce_planks":102,"minecraft:stone_hoe":90,"minecraft:netherrack":300,"minecraft:oak_door":2,"minecraft:torch":116,"minecraft:dirt":761,"minecraft:anvil":2,"minecraft:hopper":14,"minecraft:cobblestone_wall":289,"minecraft:granite":2,"minecraft:bookshelf":8,"minecraft:iron_axe":614,"minecraft:spruce_button":34,"minecraft:barrel":3,"byg:pink_cherry_sapling":95,"byg:blue_netherrack":1231,"minecraft:golden_carrot":4,"minecraft:minecart":3,"minecraft:cooked_beef":3,"minecraft:cobbled_deepslate":43,"minecraft:cooked_mutton":10,"minecraft:water_bucket":93,"byg:cherry_boat":15,"crittersandcompanions:silk_cocoon":1,"byg:rocky_stone":23,"minecraft:fletching_table":12,"minecraft:cobblestone_slab":268,"minecraft:polished_blackstone_bricks":9,"minecraft:rail":20,"minecraft:comparator":24,"minecraft:crafting_table":12,"byg:redwood_trapdoor":8,"minecraft:white_bed":53,"minecraft:oak_log":2,"minecraft:diamond_pickaxe":5800,"minecraft:apple":285,"minecraft:diamond_shovel":4336,"minecraft:cracked_polished_blackstone_bricks":6,"minecraft:iron_pickaxe":273,"minecraft:suspicious_stew":4,"minecraft:detector_rail":4,"byg:soapstone":1,"minecraft:stone_axe":15,"minecraft:cobblestone":57,"byg:redwood_planks":138,"minecraft:bucket":104,"minecraft:pumpkin_pie":42,"minecraft:yellow_bed":13,"create:hand_crank":1},"minecraft:mined":{"minecraft:farmland":3,"minecraft:spruce_planks":95,"minecraft:white_bed":37,"byg:yellow_daffodil":1,"create:andesite_casing":1,"minecraft:cobblestone_stairs":4,"minecraft:brewing_stand":1,"minecraft:obsidian":1,"minecraft:granite":3,"minecraft:chiseled_polished_blackstone":2,"minecraft:grass_block":2892,"minecraft:cracked_polished_blackstone_bricks":8,"minecraft:composter":1,"minecraft:hopper":1,"minecraft:oxeye_daisy":4,"minecraft:nether_wart":26,"minecraft:spawner":2,"byg:pink_allium":2,"minecraft:gilded_blackstone":1,"minecraft:polished_blackstone_bricks":19,"minecraft:magma_block":13,"byg:redwood_planks":33,"minecraft:barrel":3,"minecraft:iron_ore":20,"byg:blue_nether_quartz_ore":3,"minecraft:fire":20,"byg:prairie_grass":3,"minecraft:moss_carpet":1,"minecraft:fletching_table":6,"minecraft:azure_bluet":2,"minecraft:pointed_dripstone":1,"iceandfire:gold_pile":176,"minecraft:water_cauldron":3,"minecraft:dirt_path":161,"minecraft:oak_stairs":69,"minecraft:iron_bars":4,"byg:redwood_trapdoor":7,"minecraft:spruce_slab":15,"byg:blue_nether_gold_ore":5,"iceandfire:chared_cobblestone":1,"byg:pollen_block":2,"minecraft:deepslate_redstone_ore":1,"minecraft:blackstone":23,"minecraft:crimson_nylium":11,"minecraft:torch":5,"minecraft:blast_furnace":7,"minecraft:poppy":3,"iceandfire:ghost_chest":1,"minecraft:chest":2,"minecraft:smooth_quartz_slab":1,"minecraft:nether_quartz_ore":63,"minecraft:cobblestone":71,"minecraft:oak_planks":53,"minecraft:grindstone":2,"minecraft:wall_torch":7,"byg:death_cap_mushroom_block":3,"byg:orchard_sapling":44,"minecraft:seagrass":1,"byg:soapstone":25,"byg:orchard_leaves":77,"minecraft:nether_wart_block":3,"minecraft:wheat":15,"byg:jacaranda_planks":14,"minecraft:infested_mossy_stone_bricks":1,"minecraft:grass":229,"minecraft:oak_log":245,"minecraft:beetroots":3,"create:hand_crank":1,"minecraft:dirt":1633,"minecraft:infested_cracked_stone_bricks":1,"byg:redwood_slab":7,"byg:flowering_orchard_leaves":8,"minecraft:ancient_debris":3,"minecraft:netherrack":884,"minecraft:deepslate":100,"minecraft:oak_leaves":17,"byg:clover_patch":4,"iceandfire:silver_ore":1,"minecraft:mossy_cobblestone":6,"minecraft:deepslate_diamond_ore":1,"minecraft:oak_door":2,"byg:lollipop_flower":2,"minecraft:nether_bricks":49,"minecraft:ladder":1,"byg:jacaranda_log":1,"byg:aspen_log":8,"minecraft:crimson_roots":1,"byg:flower_patch":2,"minecraft:polished_andesite_slab":4,"minecraft:hay_block":11,"byg:blue_netherrack":3896,"minecraft:furnace":2,"minecraft:carrots":8,"minecraft:andesite":12,"iceandfire:chared_gravel":1,"minecraft:gold_block":16,"minecraft:rail":84,"byg:redwood_wall_sign":15,"minecraft:deepslate_iron_ore":10,"minecraft:bookshelf":8,"minecraft:cobblestone_slab":3,"minecraft:potatoes":1,"minecraft:vine":1,"crittersandcompanions:silk_cocoon":2,"byg:apple_fruit_block":4,"monsters_and_girls:urn_1":13,"byg:rocky_stone":41,"minecraft:stone":314,"minecraft:smithing_table":3,"minecraft:glass_pane":4,"minecraft:soul_sand":40,"create:piston_extension_pole":1,"minecraft:infested_stone_bricks":1,"minecraft:dandelion":11,"minecraft:crafting_table":7,"minecraft:cornflower":4,"minecraft:lectern":807,"minecraft:tall_grass":32,"minecraft:diorite":55,"monsters_and_girls:urn_2":14,"minecraft:polished_blackstone_brick_stairs":2,"byg:pendorite_ore":11,"byg:ebony_leaves":3,"minecraft:black_stained_glass":2,"byg:redwood_sign":4,"minecraft:cobblestone_wall":8,"byg:jacaranda_slab":32,"minecraft:yellow_bed":13,"minecraft:coal_ore":176,"byg:ripe_orchard_leaves":22,"byg:embur_gel_block":6,"minecraft:gravel":92,"byg:pink_cherry_sapling":2},"minecraft:crafted":{"minecraft:smooth_stone":13,"minecraft:oak_planks":1312,"minecraft:barrel":3,"byg:jacaranda_boat":5,"byg:cherry_stairs":4,"minecraft:lever":4,"minecraft:stone":100,"minecraft:diamond_shovel":5,"sophisticatedbackpacks:crafting_upgrade":1,"minecraft:bookshelf":22,"minecraft:cooked_mutton":10,"minecraft:suspicious_stew":7,"minecraft:glass":96,"minecraft:hopper":1,"minecraft:diamond_helmet":1,"minecraft:bow":57,"byg:jacaranda_slab":54,"create:crafting_blueprint":2,"minecraft:comparator":8,"minecraft:stone_pressure_plate":1,"minecraft:tipped_arrow":120,"minecraft:chest":15,"byg:cherry_planks":640,"minecraft:stone_hoe":14,"minecraft:emerald":1867,"minecraft:arrow":576,"byg:cherry_boat":3,"minecraft:crafting_table":8,"minecraft:diamond_axe":5,"minecraft:spruce_planks":272,"minecraft:wooden_pickaxe":1,"create:piston_extension_pole":8,"minecraft:iron_helmet":14,"minecraft:smithing_table":2,"minecraft:fletching_table":3,"sophisticatedbackpacks:feeding_upgrade":1,"sophisticatedbackpacks:upgrade_base":2,"minecraft:painting":2,"byg:redwood_planks":996,"minecraft:lectern":4,"minecraft:diamond_pickaxe":4,"minecraft:emerald_block":66,"minecraft:shield":17,"minecraft:stick":4236,"minecraft:iron_ingot":15,"minecraft:compass":4,"minecraft:iron_pickaxe":3,"minecraft:iron_block":6,"minecraft:stone_sword":1,"minecraft:redstone_torch":2,"minecraft:shears":1,"minecraft:golden_carrot":129,"byg:jacaranda_planks":108,"minecraft:cookie":144,"minecraft:redstone":81,"minecraft:spruce_button":36,"minecraft:furnace":4,"minecraft:blast_furnace":3,"minecraft:oak_trapdoor":8,"minecraft:flint_and_steel":1,"minecraft:detector_rail":6,"minecraft:iron_axe":26,"minecraft:ladder":12,"minecraft:slime_ball":4,"minecraft:spruce_slab":24,"minecraft:stone_pickaxe":23,"minecraft:cobblestone_wall":60,"minecraft:diamond_boots":1,"minecraft:spruce_boat":2,"byg:redwood_sign":9,"minecraft:minecart":1,"minecraft:glistering_melon_slice":3,"minecraft:wheat":99,"minecraft:cooked_beef":7,"minecraft:crossbow":56,"create:andesite_alloy":5,"create:mechanical_piston":1,"minecraft:powered_rail":18,"minecraft:iron_sword":1,"byg:redwood_slab":6,"minecraft:bucket":3,"minecraft:stone_axe":11,"minecraft:enchanted_book":25,"minecraft:air":0,"minecraft:oak_boat":2,"minecraft:chainmail_boots":36,"minecraft:iron_shovel":7,"minecraft:iron_leggings":2,"minecraft:anvil":2,"minecraft:white_bed":10,"minecraft:pumpkin_pie":48,"minecraft:torch":108,"byg:aspen_planks":32},"minecraft:broken":{"minecraft:iron_shovel":4,"minecraft:diamond_shovel":1,"minecraft:iron_axe":2,"minecraft:iron_pickaxe":1},"minecraft:killed":{"minecraft:zombified_piglin":2,"minecraft:witch":4,"minecraft:spider":12,"minecraft:wither":1,"minecraft:skeleton":16,"minecraft:silverfish":12,"minecraft:piglin_brute":5,"minecraft:piglin":18,"minecraft:zombie_villager":1,"minecraft:iron_golem":23,"minecraft:creeper":8,"minecraft:sheep":8,"minecraft:pillager":13,"minecraft:zombie":30,"iceandfire:pixie":1,"minecraft:blaze":16,"minecraft:cow":7,"minecraft:vex":8,"minecraft:vindicator":5,"minecraft:phantom":4,"iceandfire:fire_dragon":2,"iceandfire:amphithere":1,"minecraft:wandering_trader":1,"minecraft:ravager":3,"minecraft:hoglin":6,"iceandfire:ghost":2,"minecraft:wither_skeleton":18,"minecraft:enderman":2,"monsters_and_girls:spook":1},"minecraft:dropped":{"minecraft:iron_sword":1,"minecraft:diamond_axe":4,"minecraft:oak_log":3,"byg:redwood_sapling":2,"minecraft:crossbow":61,"minecraft:cookie":144,"byg:aspen_planks":1,"minecraft:flint":3,"minecraft:emerald":65,"minecraft:dirt":877,"minecraft:cornflower":2,"minecraft:mutton":2,"minecraft:crimson_roots":3,"minecraft:netherite_boots":2,"minecraft:gold_nugget":3,"minecraft:bone_meal":1,"minecraft:iron_pickaxe":2,"minecraft:bone":9,"minecraft:gravel":11,"minecraft:stone_axe":10,"minecraft:compass":15,"minecraft:polished_andesite_slab":8,"minecraft:iron_nugget":13,"minecraft:wheat":1,"minecraft:pointed_dripstone":1,"byg:jacaranda_planks":4,"minecraft:rotten_flesh":45,"minecraft:oak_planks":27,"minecraft:diamond_shovel":3,"minecraft:azure_bluet":2,"minecraft:poppy":33,"minecraft:rabbit_hide":1,"minecraft:tipped_arrow":43,"byg:rocky_stone":18,"minecraft:leather_boots":3,"minecraft:chainmail_boots":41,"byg:lollipop_flower":3,"minecraft:iron_bars":6,"minecraft:beef":3,"minecraft:quartz":2,"create:andesite_alloy":3,"minecraft:stone_hoe":17,"minecraft:enchanted_book":5,"minecraft:iron_ingot":29,"minecraft:wheat_seeds":66,"minecraft:diamond_leggings":1,"minecraft:poisonous_potato":2,"minecraft:iron_helmet":14,"minecraft:feather":1,"minecraft:cobblestone":217,"minecraft:spruce_button":5,"minecraft:oxeye_daisy":3,"byg:orchard_sapling":41,"byg:redwood_slab":2,"minecraft:gray_wool":1,"minecraft:diorite":37,"minecraft:wooden_hoe":1,"minecraft:lodestone":1,"byg:soapstone":22,"minecraft:melon_slice":1,"minecraft:diamond_helmet":1,"minecraft:iron_leggings":7,"byg:prairie_grass":1,"minecraft:iron_axe":24,"minecraft:iron_shovel":4,"minecraft:string":6,"minecraft:bucket":1,"minecraft:dandelion":11,"byg:pink_allium":3,"minecraft:stone_sword":1,"minecraft:bowl":8,"crittersandcompanions:silk":7,"minecraft:suspicious_stew":6,"byg:blue_netherrack":14,"minecraft:cobblestone_slab":5,"minecraft:shield":13,"minecraft:diamond_chestplate":1,"iceandfire:chared_cobblestone":1,"minecraft:diamond_pickaxe":4,"minecraft:golden_leggings":2,"minecraft:oak_sapling":1,"minecraft:spider_eye":13,"minecraft:bow":57,"minecraft:stone_pickaxe":22,"minecraft:magma_block":13},"minecraft:killed_by":{"minecraft:zombie":1},"minecraft:custom":{"minecraft:interact_with_crafting_table":101,"minecraft:open_barrel":3,"minecraft:bell_ring":5,"minecraft:leave_game":15,"minecraft:time_since_death":1214546,"minecraft:sprint_one_cm":1971023,"minecraft:damage_blocked_by_shield":2660,"minecraft:drop":565,"minecraft:talked_to_villager":1124,"minecraft:play_time":1409701,"minecraft:deaths":1,"minecraft:jump":12448,"minecraft:walk_on_water_one_cm":163816,"minecraft:interact_with_furnace":45,"minecraft:traded_with_villager":983,"minecraft:sleep_in_bed":44,"minecraft:damage_dealt":43543,"minecraft:crouch_one_cm":410286,"minecraft:horse_one_cm":7727,"minecraft:interact_with_anvil":12,"minecraft:mob_kills":246,"minecraft:inspect_hopper":3,"minecraft:climb_one_cm":54054,"minecraft:walk_one_cm":3778232,"minecraft:damage_dealt_absorbed":234,"minecraft:raid_win":1,"minecraft:sneak_time":134888,"minecraft:walk_under_water_one_cm":92972,"minecraft:boat_one_cm":27000,"minecraft:interact_with_blast_furnace":2,"minecraft:total_world_time":1409701,"minecraft:interact_with_grindstone":2,"minecraft:time_since_rest":30179,"minecraft:damage_absorbed":89,"minecraft:damage_taken":7094,"minecraft:swim_one_cm":110716,"minecraft:fly_one_cm":2380834,"minecraft:open_chest":300,"minecraft:fall_one_cm":285780},"minecraft:picked_up":{"minecraft:wheat":3,"minecraft:redstone_block":18,"minecraft:chainmail_boots":5,"minecraft:suspicious_stew":3,"byg:redwood_planks":650,"byg:redwood_trapdoor":8,"byg:pink_allium":4,"minecraft:smithing_table":2,"minecraft:lead":2,"minecraft:diamond_sword":1,"crittersandcompanions:silk_cocoon":1,"minecraft:oak_stairs":64,"minecraft:enchanted_book":1,"minecraft:brewing_stand":1,"minecraft:golden_sword":2,"monsters_and_girls:spectral_cake":4,"iceandfire:manuscript":5,"minecraft:polished_blackstone_brick_stairs":2,"minecraft:string":20,"byg:jacaranda_boat":19,"minecraft:iron_leggings":6,"create:piston_extension_pole":2,"minecraft:beetroot":2,"byg:pine_log":64,"minecraft:diamond_leggings":2,"minecraft:smooth_stone":4,"minecraft:gold_nugget":2004,"minecraft:cobbled_deepslate":190,"minecraft:bucket":1,"minecraft:spruce_planks":94,"byg:redwood_slab":18,"minecraft:cobblestone_slab":8,"crittersandcompanions:koi_fish":3,"byg:jacaranda_slab":34,"minecraft:iron_pickaxe":1,"minecraft:melon_slice":1,"minecraft:furnace":3,"minecraft:stick":4758,"iceandfire:ghost_chest":1,"minecraft:composter":1,"minecraft:torch":32,"create:andesite_casing":1,"iceandfire:silver_ore":1,"minecraft:porkchop":5,"minecraft:pointed_dripstone":2,"minecraft:diorite":63,"minecraft:cauldron":3,"minecraft:stone_sword":1,"minecraft:rotten_flesh":57,"iceandfire:fire_dragon_heart":2,"byg:embur_gel_ball":12,"create:crafting_blueprint":1,"minecraft:blaze_rod":8,"minecraft:iron_bars":6,"minecraft:cobblestone":377,"minecraft:magma_block":13,"minecraft:feather":1,"minecraft:andesite":20,"minecraft:golden_leggings":2,"minecraft:brown_wool":1,"minecraft:potato":9,"minecraft:flint":13,"byg:orchard_sapling":73,"byg:white_puffball_cap":6,"minecraft:wither_skeleton_skull":3,"minecraft:dirt":2611,"iceandfire:dragonscales_bronze":16,"minecraft:leather_boots":3,"minecraft:bone":89,"minecraft:bow":1,"minecraft:wheat_seeds":107,"minecraft:grindstone":2,"minecraft:fletching_table":12,"minecraft:diamond_helmet":1,"minecraft:glowstone_dust":1,"minecraft:powered_rail":64,"minecraft:oak_planks":101,"minecraft:stone_hoe":3,"byg:prairie_grass":1,"iceandfire:amphithere_feather":18,"minecraft:chiseled_polished_blackstone":2,"byg:pink_cherry_sapling":2,"byg:pollen_dust":6,"minecraft:poisonous_potato":2,"iceandfire:dragon_skull_fire":3,"byg:jacaranda_planks":12,"sophisticatedbackpacks:iron_backpack":1,"minecraft:barrel":3,"minecraft:mossy_cobblestone":6,"iceandfire:chared_cobblestone":1,"minecraft:diamond":4,"byg:aspen_log":8,"minecraft:spruce_boat":21,"minecraft:soul_lantern":1,"minecraft:lever":1,"minecraft:cracked_polished_blackstone_bricks":8,"minecraft:crossbow":6,"minecraft:granite":2,"minecraft:bone_meal":2,"minecraft:spruce_button":31,"minecraft:emerald":578,"minecraft:oak_sapling":1,"minecraft:netherrack":538,"minecraft:nether_star":1,"minecraft:crimson_roots":4,"minecraft:crafting_table":8,"create:mechanical_piston":1,"byg:soapstone":24,"minecraft:azure_bluet":3,"minecraft:chicken":1,"iceandfire:witherbone":10,"minecraft:ladder":4,"minecraft:nether_wart":67,"minecraft:gold_block":16,"minecraft:shield":1,"minecraft:cornflower":2,"minecraft:iron_axe":2,"minecraft:compass":11,"minecraft:iron_shovel":2,"minecraft:blackstone":13,"minecraft:beef":17,"byg:redwood_log":879,"minecraft:oak_boat":9,"minecraft:iron_nugget":33,"minecraft:poppy":44,"minecraft:minecart":2,"minecraft:spruce_slab":24,"minecraft:lectern":808,"minecraft:chest":2,"minecraft:egg":4,"minecraft:raw_iron":30,"iceandfire:dragonbone":16,"iceandfire:dragonscales_gray":26,"byg:raw_pendorite":11,"minecraft:oak_door":4,"minecraft:bowl":4,"minecraft:polished_blackstone_bricks":15,"create:hand_crank":1,"minecraft:carrot":16,"minecraft:redstone":5,"byg:lollipop_flower":4,"iceandfire:silver_ingot":3,"minecraft:arrow":36,"minecraft:diamond_chestplate":2,"minecraft:beetroot_seeds":6,"minecraft:nether_bricks":49,"byg:aspen_planks":1,"minecraft:shears":1,"minecraft:diamond_boots":1,"minecraft:hay_block":11,"crittersandcompanions:silk":12,"minecraft:saddle":2,"minecraft:totem_of_undying":6,"byg:blue_netherrack":2440,"minecraft:gold_ingot":3,"byg:white_puffball_spores":11,"minecraft:mutton":12,"minecraft:rail":84,"byg:rocky_stone":41,"minecraft:white_wool":50,"minecraft:oxeye_daisy":3,"minecraft:netherite_boots":3,"minecraft:leather":9,"minecraft:oak_log":223,"minecraft:ancient_debris":3,"iceandfire:ectoplasm":8,"minecraft:cobblestone_wall":7,"minecraft:yellow_bed":13,"minecraft:nether_wart_block":3,"minecraft:gunpowder":7,"minecraft:cobblestone_stairs":4,"minecraft:wooden_hoe":1,"minecraft:apple":155,"minecraft:rabbit_hide":2,"minecraft:iron_ingot":148,"byg:jacaranda_log":156,"minecraft:polished_andesite_slab":8,"minecraft:iron_sword":1,"iceandfire:fire_dragon_flesh":6,"minecraft:soul_sand":40,"sophisticatedbackpacks:diamond_backpack":2,"minecraft:book":54,"minecraft:emerald_block":21,"iceandfire:ash":2,"minecraft:quartz":61,"minecraft:dandelion":12,"minecraft:gravel":109,"minecraft:lava_bucket":1,"minecraft:amethyst_shard":4,"minecraft:blast_furnace":7,"minecraft:white_bed":41,"minecraft:spruce_log":16,"minecraft:spider_eye":17,"byg:redwood_boat":2,"byg:redwood_sapling":2,"byg:cherry_boat":13,"byg:cherry_log":2,"minecraft:gray_wool":1,"minecraft:lodestone":1,"iceandfire:chared_gravel":1,"minecraft:black_wool":2,"byg:redwood_sign":24,"minecraft:smooth_quartz_slab":1,"minecraft:coal":233,"minecraft:hopper":1,"minecraft:ender_pearl":2}},"DataVersion":3120}