{"stats":{"minecraft:killed_by":{"minecraft:zombie":1},"minecraft:broken":{"minecraft:iron_shovel":4,"minecraft:iron_axe":2,"minecraft:iron_pickaxe":1},"minecraft:killed":{"minecraft:zombified_piglin":2,"minecraft:spider":10,"minecraft:wither":1,"minecraft:skeleton":16,"minecraft:silverfish":12,"minecraft:piglin_brute":5,"minecraft:piglin":15,"minecraft:zombie_villager":1,"minecraft:iron_golem":9,"minecraft:creeper":5,"minecraft:sheep":7,"minecraft:zombie":19,"minecraft:blaze":16,"minecraft:cow":7,"minecraft:phantom":1,"minecraft:hoglin":4,"minecraft:wither_skeleton":18,"minecraft:enderman":2,"monsters_and_girls:spook":1},"minecraft:mined":{"minecraft:spruce_planks":31,"minecraft:white_bed":20,"byg:yellow_daffodil":1,"create:andesite_casing":1,"minecraft:cobblestone_stairs":4,"minecraft:granite":3,"minecraft:chiseled_polished_blackstone":2,"minecraft:grass_block":274,"minecraft:cracked_polished_blackstone_bricks":8,"minecraft:composter":1,"minecraft:hopper":1,"minecraft:oxeye_daisy":4,"minecraft:nether_wart":26,"minecraft:spawner":2,"byg:pink_allium":2,"minecraft:gilded_blackstone":1,"minecraft:polished_blackstone_bricks":19,"byg:redwood_planks":33,"minecraft:iron_ore":13,"minecraft:fire":10,"byg:prairie_grass":3,"minecraft:moss_carpet":1,"minecraft:fletching_table":6,"minecraft:azure_bluet":2,"minecraft:pointed_dripstone":1,"minecraft:water_cauldron":3,"minecraft:dirt_path":104,"minecraft:oak_stairs":69,"minecraft:iron_bars":4,"byg:redwood_trapdoor":7,"minecraft:spruce_slab":10,"byg:pollen_block":2,"minecraft:deepslate_redstone_ore":1,"minecraft:blackstone":23,"minecraft:crimson_nylium":3,"minecraft:torch":4,"minecraft:blast_furnace":7,"minecraft:poppy":2,"iceandfire:ghost_chest":1,"minecraft:chest":2,"minecraft:smooth_quartz_slab":1,"minecraft:nether_quartz_ore":2,"minecraft:cobblestone":61,"minecraft:oak_planks":53,"minecraft:grindstone":2,"minecraft:wall_torch":6,"byg:death_cap_mushroom_block":3,"byg:orchard_sapling":44,"minecraft:seagrass":1,"byg:soapstone":20,"byg:orchard_leaves":77,"minecraft:nether_wart_block":2,"minecraft:wheat":15,"byg:jacaranda_planks":9,"minecraft:infested_mossy_stone_bricks":1,"minecraft:grass":154,"minecraft:oak_log":233,"minecraft:beetroots":3,"create:hand_crank":1,"minecraft:dirt":221,"minecraft:infested_cracked_stone_bricks":1,"byg:flowering_orchard_leaves":8,"byg:redwood_slab":6,"minecraft:netherrack":581,"minecraft:deepslate":98,"minecraft:oak_leaves":9,"byg:clover_patch":4,"iceandfire:silver_ore":1,"minecraft:mossy_cobblestone":6,"minecraft:deepslate_diamond_ore":1,"minecraft:oak_door":2,"byg:lollipop_flower":2,"minecraft:nether_bricks":49,"byg:jacaranda_log":1,"byg:aspen_log":8,"minecraft:crimson_roots":1,"byg:flower_patch":2,"minecraft:polished_andesite_slab":4,"minecraft:hay_block":11,"byg:blue_netherrack":4,"minecraft:furnace":2,"minecraft:carrots":8,"minecraft:andesite":12,"minecraft:gold_block":16,"byg:redwood_wall_sign":6,"minecraft:bookshelf":7,"minecraft:potatoes":1,"minecraft:vine":1,"byg:rocky_stone":41,"crittersandcompanions:silk_cocoon":2,"monsters_and_girls:urn_1":13,"byg:apple_fruit_block":4,"minecraft:stone":107,"minecraft:smithing_table":3,"minecraft:glass_pane":4,"minecraft:soul_sand":40,"create:piston_extension_pole":1,"minecraft:infested_stone_bricks":1,"minecraft:dandelion":8,"minecraft:crafting_table":7,"minecraft:cornflower":4,"minecraft:lectern":807,"minecraft:tall_grass":22,"monsters_and_girls:urn_2":14,"minecraft:polished_blackstone_brick_stairs":2,"minecraft:diorite":30,"minecraft:black_stained_glass":2,"byg:redwood_sign":2,"minecraft:cobblestone_wall":4,"byg:jacaranda_slab":32,"minecraft:yellow_bed":10,"minecraft:coal_ore":176,"byg:ripe_orchard_leaves":22,"byg:embur_gel_block":6,"minecraft:gravel":92},"minecraft:picked_up":{"minecraft:wheat":3,"minecraft:chainmail_boots":5,"minecraft:suspicious_stew":3,"byg:redwood_planks":650,"byg:redwood_trapdoor":8,"minecraft:smithing_table":2,"byg:pink_allium":4,"minecraft:diamond_sword":1,"crittersandcompanions:silk_cocoon":1,"minecraft:oak_stairs":64,"minecraft:enchanted_book":1,"minecraft:golden_sword":2,"monsters_and_girls:spectral_cake":4,"iceandfire:manuscript":5,"minecraft:polished_blackstone_brick_stairs":2,"minecraft:string":17,"byg:jacaranda_boat":19,"minecraft:iron_leggings":6,"create:piston_extension_pole":2,"minecraft:beetroot":2,"byg:pine_log":64,"minecraft:diamond_leggings":2,"minecraft:cobbled_deepslate":188,"minecraft:gold_nugget":44,"minecraft:smooth_stone":4,"minecraft:bucket":1,"minecraft:spruce_planks":31,"byg:redwood_slab":16,"minecraft:cobblestone_slab":5,"byg:jacaranda_slab":34,"minecraft:iron_pickaxe":1,"minecraft:melon_slice":1,"minecraft:furnace":3,"minecraft:stick":3465,"iceandfire:ghost_chest":1,"minecraft:composter":1,"minecraft:torch":20,"create:andesite_casing":1,"iceandfire:silver_ore":1,"minecraft:porkchop":5,"minecraft:pointed_dripstone":1,"minecraft:diorite":38,"minecraft:cauldron":3,"minecraft:stone_sword":1,"minecraft:rotten_flesh":43,"byg:embur_gel_ball":12,"create:crafting_blueprint":1,"minecraft:blaze_rod":8,"minecraft:iron_bars":6,"minecraft:cobblestone":174,"minecraft:feather":1,"minecraft:andesite":20,"minecraft:brown_wool":1,"minecraft:potato":3,"minecraft:flint":13,"byg:orchard_sapling":73,"byg:white_puffball_cap":6,"minecraft:wither_skeleton_skull":3,"minecraft:dirt":651,"minecraft:leather_boots":3,"minecraft:bone":89,"minecraft:bow":1,"minecraft:wheat_seeds":57,"minecraft:grindstone":2,"minecraft:fletching_table":12,"minecraft:diamond_helmet":1,"minecraft:stone_hoe":3,"minecraft:oak_planks":101,"byg:prairie_grass":1,"minecraft:chiseled_polished_blackstone":2,"byg:pollen_dust":6,"minecraft:poisonous_potato":1,"byg:jacaranda_planks":9,"sophisticatedbackpacks:iron_backpack":1,"minecraft:mossy_cobblestone":6,"byg:aspen_log":8,"minecraft:diamond":4,"minecraft:spruce_boat":12,"minecraft:soul_lantern":1,"minecraft:cracked_polished_blackstone_bricks":8,"minecraft:crossbow":4,"minecraft:granite":2,"minecraft:spruce_button":1,"minecraft:emerald":561,"minecraft:oak_sapling":1,"minecraft:netherrack":276,"minecraft:nether_star":1,"minecraft:crimson_roots":4,"minecraft:crafting_table":8,"minecraft:chicken":1,"byg:soapstone":20,"minecraft:ladder":3,"minecraft:azure_bluet":3,"iceandfire:witherbone":10,"minecraft:nether_wart":67,"create:mechanical_piston":1,"minecraft:gold_block":16,"minecraft:shield":1,"minecraft:cornflower":2,"minecraft:iron_axe":1,"minecraft:compass":11,"minecraft:iron_shovel":2,"minecraft:blackstone":13,"minecraft:beef":17,"byg:redwood_log":879,"minecraft:oak_boat":9,"minecraft:iron_nugget":33,"minecraft:poppy":38,"minecraft:spruce_slab":19,"minecraft:lectern":808,"minecraft:chest":2,"minecraft:egg":4,"minecraft:raw_iron":13,"minecraft:oak_door":4,"minecraft:bowl":4,"minecraft:polished_blackstone_bricks":15,"create:hand_crank":1,"minecraft:carrot":16,"minecraft:redstone":5,"byg:lollipop_flower":4,"iceandfire:silver_ingot":3,"minecraft:arrow":32,"minecraft:diamond_chestplate":2,"minecraft:beetroot_seeds":6,"minecraft:nether_bricks":49,"byg:aspen_planks":1,"minecraft:shears":1,"minecraft:diamond_boots":1,"minecraft:hay_block":11,"crittersandcompanions:silk":12,"byg:blue_netherrack":4,"minecraft:gold_ingot":3,"byg:white_puffball_spores":11,"minecraft:mutton":10,"byg:rocky_stone":32,"minecraft:white_wool":23,"minecraft:oxeye_daisy":3,"minecraft:netherite_boots":3,"minecraft:leather":9,"minecraft:oak_log":220,"iceandfire:ectoplasm":5,"minecraft:cobblestone_wall":3,"minecraft:yellow_bed":10,"minecraft:nether_wart_block":2,"minecraft:gunpowder":7,"minecraft:cobblestone_stairs":4,"minecraft:wooden_hoe":1,"minecraft:apple":150,"minecraft:rabbit_hide":2,"minecraft:iron_ingot":91,"byg:jacaranda_log":156,"minecraft:polished_andesite_slab":8,"minecraft:iron_sword":1,"minecraft:soul_sand":40,"sophisticatedbackpacks:diamond_backpack":2,"minecraft:book":51,"minecraft:emerald_block":21,"iceandfire:ash":2,"minecraft:dandelion":8,"minecraft:gravel":109,"minecraft:lava_bucket":1,"minecraft:amethyst_shard":4,"minecraft:blast_furnace":7,"minecraft:white_bed":24,"minecraft:spruce_log":16,"minecraft:spider_eye":14,"byg:redwood_boat":2,"byg:redwood_sapling":2,"minecraft:lodestone":1,"minecraft:black_wool":2,"byg:redwood_sign":14,"minecraft:smooth_quartz_slab":1,"minecraft:coal":233,"minecraft:hopper":1,"minecraft:ender_pearl":2},"minecraft:used":{"minecraft:iron_shovel":1410,"byg:jacaranda_log":1,"minecraft:spruce_slab":27,"create:piston_extension_pole":4,"minecraft:ladder":11,"minecraft:poppy":6,"minecraft:chest":6,"minecraft:shield":69,"minecraft:iron_sword":220,"byg:jacaranda_boat":23,"minecraft:soul_sand":4,"byg:aspen_planks":4,"minecraft:azure_bluet":1,"minecraft:spruce_boat":14,"minecraft:lava_bucket":8,"create:crafting_blueprint":3,"byg:jacaranda_slab":63,"minecraft:bow":115,"create:mechanical_piston":1,"minecraft:furnace":3,"minecraft:egg":2,"minecraft:potato":25,"minecraft:diorite":3,"minecraft:wither_skeleton_skull":3,"minecraft:stone_pickaxe":102,"minecraft:oak_planks":276,"minecraft:wooden_pickaxe":21,"minecraft:composter":1,"minecraft:diamond_axe":863,"minecraft:golden_apple":1,"minecraft:blast_furnace":8,"byg:redwood_sign":16,"minecraft:crossbow":3,"minecraft:bread":10,"minecraft:lectern":812,"byg:pink_allium":1,"minecraft:gravel":73,"byg:orchard_sapling":66,"minecraft:soul_lantern":1,"minecraft:diamond_sword":179,"minecraft:grindstone":1,"minecraft:smithing_table":5,"minecraft:oak_boat":11,"minecraft:oak_trapdoor":7,"byg:jacaranda_planks":9,"byg:redwood_slab":20,"minecraft:stone_sword":45,"minecraft:flint_and_steel":3,"minecraft:spruce_planks":102,"minecraft:stone_hoe":90,"minecraft:netherrack":263,"minecraft:oak_door":2,"minecraft:torch":61,"minecraft:dirt":564,"minecraft:anvil":2,"minecraft:hopper":1,"minecraft:cobblestone_wall":1,"minecraft:granite":2,"minecraft:bookshelf":7,"minecraft:iron_axe":614,"minecraft:spruce_button":34,"minecraft:barrel":3,"minecraft:golden_carrot":4,"minecraft:cooked_beef":3,"minecraft:cobbled_deepslate":38,"minecraft:cooked_mutton":10,"minecraft:water_bucket":25,"minecraft:fletching_table":12,"crittersandcompanions:silk_cocoon":1,"minecraft:polished_blackstone_bricks":9,"minecraft:crafting_table":12,"byg:redwood_trapdoor":8,"minecraft:white_bed":26,"minecraft:oak_log":2,"minecraft:diamond_pickaxe":960,"minecraft:apple":99,"minecraft:diamond_shovel":213,"minecraft:cracked_polished_blackstone_bricks":6,"minecraft:iron_pickaxe":273,"minecraft:suspicious_stew":4,"byg:soapstone":1,"minecraft:stone_axe":15,"minecraft:cobblestone":55,"byg:redwood_planks":138,"minecraft:bucket":34,"minecraft:pumpkin_pie":42,"minecraft:yellow_bed":10,"create:hand_crank":1},"minecraft:crafted":{"minecraft:smooth_stone":13,"minecraft:oak_planks":1312,"minecraft:barrel":3,"byg:jacaranda_boat":5,"minecraft:stone":13,"minecraft:diamond_shovel":4,"sophisticatedbackpacks:crafting_upgrade":1,"minecraft:bookshelf":21,"minecraft:cooked_mutton":10,"minecraft:suspicious_stew":7,"minecraft:glass":48,"minecraft:hopper":1,"minecraft:diamond_helmet":1,"minecraft:bow":57,"byg:jacaranda_slab":54,"create:crafting_blueprint":2,"minecraft:tipped_arrow":120,"minecraft:chest":7,"minecraft:stone_hoe":14,"minecraft:emerald":1755,"minecraft:arrow":576,"minecraft:crafting_table":8,"minecraft:diamond_axe":5,"minecraft:spruce_planks":272,"minecraft:wooden_pickaxe":1,"create:piston_extension_pole":8,"minecraft:iron_helmet":14,"minecraft:smithing_table":2,"minecraft:fletching_table":3,"sophisticatedbackpacks:feeding_upgrade":1,"sophisticatedbackpacks:upgrade_base":2,"minecraft:painting":2,"byg:redwood_planks":996,"minecraft:lectern":4,"minecraft:diamond_pickaxe":4,"minecraft:emerald_block":66,"minecraft:shield":17,"minecraft:stick":3336,"minecraft:iron_ingot":12,"minecraft:compass":4,"minecraft:iron_pickaxe":3,"minecraft:iron_block":6,"minecraft:stone_sword":1,"minecraft:shears":1,"minecraft:golden_carrot":129,"byg:jacaranda_planks":108,"minecraft:cookie":144,"minecraft:spruce_button":36,"minecraft:furnace":4,"minecraft:blast_furnace":3,"minecraft:oak_trapdoor":8,"minecraft:flint_and_steel":1,"minecraft:iron_axe":26,"minecraft:ladder":12,"minecraft:slime_ball":4,"minecraft:spruce_slab":24,"minecraft:stone_pickaxe":23,"minecraft:diamond_boots":1,"minecraft:spruce_boat":2,"byg:redwood_sign":9,"minecraft:glistering_melon_slice":3,"minecraft:wheat":99,"minecraft:cooked_beef":7,"minecraft:crossbow":56,"create:andesite_alloy":5,"create:mechanical_piston":1,"minecraft:iron_sword":1,"byg:redwood_slab":6,"minecraft:bucket":3,"minecraft:stone_axe":11,"minecraft:enchanted_book":22,"minecraft:air":0,"minecraft:oak_boat":2,"minecraft:chainmail_boots":36,"minecraft:iron_shovel":7,"minecraft:iron_leggings":2,"minecraft:anvil":2,"minecraft:white_bed":2,"minecraft:pumpkin_pie":48,"minecraft:torch":108,"byg:aspen_planks":32},"minecraft:dropped":{"minecraft:iron_sword":1,"minecraft:diamond_axe":4,"byg:redwood_sapling":2,"minecraft:crossbow":59,"minecraft:cookie":144,"byg:aspen_planks":1,"minecraft:flint":3,"minecraft:emerald":65,"minecraft:dirt":50,"minecraft:cornflower":2,"minecraft:crimson_roots":3,"minecraft:netherite_boots":2,"minecraft:gold_nugget":3,"minecraft:iron_pickaxe":2,"minecraft:bone":9,"minecraft:gravel":2,"minecraft:stone_axe":10,"minecraft:compass":15,"minecraft:polished_andesite_slab":8,"minecraft:iron_nugget":13,"minecraft:wheat":1,"minecraft:pointed_dripstone":1,"byg:jacaranda_planks":3,"minecraft:rotten_flesh":31,"minecraft:oak_planks":27,"minecraft:diamond_shovel":3,"minecraft:azure_bluet":2,"minecraft:poppy":29,"minecraft:rabbit_hide":1,"minecraft:tipped_arrow":43,"minecraft:leather_boots":3,"minecraft:chainmail_boots":41,"byg:lollipop_flower":3,"minecraft:iron_bars":6,"minecraft:beef":3,"create:andesite_alloy":3,"minecraft:stone_hoe":17,"minecraft:enchanted_book":5,"minecraft:iron_ingot":29,"minecraft:wheat_seeds":16,"minecraft:diamond_leggings":1,"minecraft:poisonous_potato":1,"minecraft:iron_helmet":14,"minecraft:feather":1,"minecraft:cobblestone":39,"minecraft:spruce_button":3,"minecraft:oxeye_daisy":3,"byg:orchard_sapling":41,"byg:redwood_slab":1,"minecraft:diorite":12,"minecraft:wooden_hoe":1,"minecraft:lodestone":1,"byg:soapstone":18,"minecraft:melon_slice":1,"minecraft:diamond_helmet":1,"minecraft:iron_leggings":7,"byg:prairie_grass":1,"minecraft:iron_axe":24,"minecraft:iron_shovel":4,"minecraft:string":2,"minecraft:bucket":1,"minecraft:dandelion":8,"byg:pink_allium":3,"minecraft:stone_sword":1,"minecraft:bowl":8,"crittersandcompanions:silk":7,"minecraft:suspicious_stew":6,"minecraft:cobblestone_slab":5,"minecraft:shield":13,"minecraft:diamond_chestplate":1,"minecraft:diamond_pickaxe":4,"minecraft:oak_sapling":1,"minecraft:spider_eye":10,"minecraft:bow":57,"minecraft:stone_pickaxe":22},"minecraft:custom":{"minecraft:interact_with_crafting_table":88,"minecraft:open_barrel":1,"minecraft:bell_ring":5,"minecraft:leave_game":10,"minecraft:time_since_death":685376,"minecraft:sprint_one_cm":1137576,"minecraft:damage_blocked_by_shield":2105,"minecraft:drop":490,"minecraft:talked_to_villager":1043,"minecraft:play_time":880531,"minecraft:deaths":1,"minecraft:jump":7056,"minecraft:walk_on_water_one_cm":78605,"minecraft:interact_with_furnace":28,"minecraft:traded_with_villager":854,"minecraft:sleep_in_bed":25,"minecraft:damage_dealt":30982,"minecraft:crouch_one_cm":166018,"minecraft:horse_one_cm":7727,"minecraft:interact_with_anvil":11,"minecraft:mob_kills":162,"minecraft:inspect_hopper":3,"minecraft:climb_one_cm":48567,"minecraft:walk_one_cm":2424635,"minecraft:damage_dealt_absorbed":234,"minecraft:sneak_time":64183,"minecraft:walk_under_water_one_cm":36520,"minecraft:boat_one_cm":15700,"minecraft:interact_with_blast_furnace":2,"minecraft:total_world_time":880531,"minecraft:interact_with_grindstone":2,"minecraft:time_since_rest":157189,"minecraft:damage_absorbed":12,"minecraft:damage_taken":4286,"minecraft:swim_one_cm":56102,"minecraft:fly_one_cm":1209642,"minecraft:open_chest":192,"minecraft:fall_one_cm":169270}},"DataVersion":3120}