{
  "vampirism:recipes/decorations/general/totem_top": {
    "criteria": {
      "has_obsidian": "2024-08-08 05:52:31 +0000"
    },
    "done": true
  },
  "cfm:recipes/decorations/acacia_cabinet": {
    "criteria": {
      "has_log": "2024-08-08 05:49:27 +0000"
    },
    "done": true
  },
  "cfm:recipes/decorations/acacia_chair": {
    "criteria": {
      "has_log": "2024-08-08 05:49:27 +0000"
    },
    "done": true
  },
  "incendium:technical/sentrys_wrath": {
    "criteria": {
      "log_spam_fixer": "2024-08-08 05:55:52 +0000"
    },
    "done": false
  },
  "minecraft:nether/explore_nether": {
    "criteria": {
      "minecraft:soul_sand_valley": "2024-08-08 05:53:53 +0000"
    },
    "done": false
  },
  "incendium:root": {
    "criteria": {
      "requirement": "2024-08-08 05:53:12 +0000"
    },
    "done": true
  },
  "cfm:recipes/decorations/stripped_acacia_kitchen_drawer": {
    "criteria": {
      "has_log": "2024-08-08 05:49:27 +0000"
    },
    "done": true
  },
  "cfm:recipes/decorations/acacia_desk": {
    "criteria": {
      "has_log": "2024-08-08 05:49:27 +0000"
    },
    "done": true
  },
  "incendium:technical/on_player_hurt": {
    "criteria": {
      "log_spam_fixer": "2024-08-08 05:55:52 +0000"
    },
    "done": false
  },
  "cfm:recipes/decorations/acacia_upgraded_fence": {
    "criteria": {
      "has_log": "2024-08-08 05:49:27 +0000"
    },
    "done": true
  },
  "minecraft:recipes/decorations/crafting_table": {
    "criteria": {
      "unlock_right_away": "2024-08-08 05:43:50 +0000"
    },
    "done": true
  },
  "cfm:recipes/decorations/acacia_table": {
    "criteria": {
      "has_log": "2024-08-08 05:49:27 +0000"
    },
    "done": true
  },
  "naturalist:recipes/food/cooked_egg": {
    "criteria": {
      "has_eggs": "2024-08-08 05:49:27 +0000"
    },
    "done": true
  },
  "astikorcarts:recipes/supply_cart": {
    "criteria": {
      "has_wheel": "2024-08-08 05:49:27 +0000"
    },
    "done": true
  },
  "cfm:recipes/decorations/acacia_kitchen_counter": {
    "criteria": {
      "has_log": "2024-08-08 05:49:27 +0000"
    },
    "done": true
  },
  "cfm:recipes/decorations/acacia_park_bench": {
    "criteria": {
      "has_log": "2024-08-08 05:49:27 +0000"
    },
    "done": true
  },
  "incendium:technical/new_player": {
    "criteria": {
      "requirement": "2024-08-08 05:43:50 +0000"
    },
    "done": true
  },
  "incendium:technical/on_kill": {
    "criteria": {
      "log_spam_fixer": "2024-08-08 05:55:52 +0000"
    },
    "done": false
  },
  "vampirism:recipes/decorations/general/fire_place": {
    "criteria": {
      "has_logs": "2024-08-08 05:49:27 +0000"
    },
    "done": true
  },
  "cfm:recipes/decorations/stripped_acacia_bedside_cabinet": {
    "criteria": {
      "has_planks": "2024-08-08 05:49:27 +0000"
    },
    "done": true
  },
  "cfm:recipes/decorations/acacia_kitchen_drawer": {
    "criteria": {
      "has_log": "2024-08-08 05:49:27 +0000"
    },
    "done": true
  },
  "cfm:recipes/decorations/stripped_acacia_coffee_table": {
    "criteria": {
      "has_planks": "2024-08-08 05:49:27 +0000"
    },
    "done": true
  },
  "cfm:recipes/decorations/acacia_blinds": {
    "criteria": {
      "has_log": "2024-08-08 05:49:27 +0000"
    },
    "done": true
  },
  "astikorcarts:recipes/plow": {
    "criteria": {
      "has_wheel": "2024-08-08 05:49:27 +0000"
    },
    "done": true
  },
  "incendium:misc/root": {
    "criteria": {
      "incendium:quartz_flats": "2024-08-08 05:53:14 +0000"
    },
    "done": true
  },
  "minecraft:recipes/misc/charcoal": {
    "criteria": {
      "has_log": "2024-08-08 05:49:27 +0000"
    },
    "done": true
  },
  "incendium:technical/on_inventory_change": {
    "criteria": {
      "log_spam_fixer": "2024-08-08 05:55:52 +0000"
    },
    "done": false
  },
  "minecraft:story/form_obsidian": {
    "criteria": {
      "obsidian": "2024-08-08 05:52:31 +0000"
    },
    "done": true
  },
  "cfm:recipes/decorations/acacia_desk_cabinet": {
    "criteria": {
      "has_log": "2024-08-08 05:49:27 +0000"
    },
    "done": true
  },
  "cfm:recipes/decorations/stripped_acacia_desk_cabinet": {
    "criteria": {
      "has_planks": "2024-08-08 05:49:27 +0000"
    },
    "done": true
  },
  "minecraft:recipes/redstone/dispenser": {
    "criteria": {
      "has_bow": "2024-08-08 05:50:12 +0000"
    },
    "done": true
  },
  "cfm:recipes/decorations/acacia_bedside_cabinet": {
    "criteria": {
      "has_log": "2024-08-08 05:49:27 +0000"
    },
    "done": true
  },
  "cfm:recipes/decorations/stripped_acacia_cabinet": {
    "criteria": {
      "has_log": "2024-08-08 05:49:27 +0000"
    },
    "done": true
  },
  "cfm:recipes/decorations/stripped_acacia_crate": {
    "criteria": {
      "has_planks": "2024-08-08 05:49:27 +0000"
    },
    "done": true
  },
  "minecraft:recipes/building_blocks/acacia_wood": {
    "criteria": {
      "has_log": "2024-08-08 05:49:27 +0000"
    },
    "done": true
  },
  "incendium:technical/holy_wrath": {
    "criteria": {
      "log_spam_fixer": "2024-08-08 05:55:52 +0000"
    },
    "done": false
  },
  "incendium:technical/on_block": {
    "criteria": {
      "log_spam_fixer": "2024-08-08 05:55:52 +0000"
    },
    "done": false
  },
  "incendium:misc/soul_searcher": {
    "criteria": {
      "incendium:quartz_flats": "2024-08-08 05:53:14 +0000"
    },
    "done": false
  },
  "incendium:technical/using/shield": {
    "criteria": {
      "log_spam_fixer": "2024-08-08 05:43:51 +0000"
    },
    "done": false
  },
  "securitycraft:recipes/misc/sc_manual": {
    "criteria": {
      "has_wood": "2024-08-08 05:49:27 +0000"
    },
    "done": true
  },
  "minecraft:nether/find_fortress": {
    "criteria": {
      "fortress": "2024-08-08 05:54:08 +0000"
    },
    "done": true
  },
  "incendium:technical/inventory/sentrys_wrath": {
    "criteria": {
      "log_spam_fixer": "2024-08-08 05:55:52 +0000"
    },
    "done": false
  },
  "vampirism:recipes/misc/vampire_beacon": {
    "criteria": {
      "has_obsidian": "2024-08-08 05:52:31 +0000"
    },
    "done": true
  },
  "minecraft:story/enter_the_nether": {
    "criteria": {
      "entered_nether": "2024-08-08 05:53:12 +0000"
    },
    "done": true
  },
  "incendium:technical/feed_ghastling": {
    "criteria": {
      "log_spam_fixer": "2024-08-08 05:55:52 +0000"
    },
    "done": false
  },
  "incendium:technical/firestorm": {
    "criteria": {
      "log_spam_fixer": "2024-08-08 05:55:52 +0000"
    },
    "done": false
  },
  "vampirism:recipes/decorations/general/totem_base": {
    "criteria": {
      "has_obsidian": "2024-08-08 05:52:31 +0000"
    },
    "done": true
  },
  "incendium:technical/inventory/firestorm": {
    "criteria": {
      "log_spam_fixer": "2024-08-08 05:55:52 +0000"
    },
    "done": false
  },
  "cfm:recipes/decorations/stripped_acacia_table": {
    "criteria": {
      "has_planks": "2024-08-08 05:49:27 +0000"
    },
    "done": true
  },
  "incendium:technical/give_ghastling": {
    "criteria": {
      "log_spam_fixer": "2024-08-08 05:55:52 +0000"
    },
    "done": false
  },
  "securitycraft:recipes/redstone/reinforced_dispenser": {
    "criteria": {
      "has_bow": "2024-08-08 05:50:12 +0000"
    },
    "done": true
  },
  "cfm:recipes/decorations/acacia_coffee_table": {
    "criteria": {
      "has_log": "2024-08-08 05:49:27 +0000"
    },
    "done": true
  },
  "incendium:technical/scroll_of_returning": {
    "criteria": {
      "log_spam_fixer": "2024-08-08 05:43:51 +0000"
    },
    "done": false
  },
  "cfm:recipes/decorations/acacia_upgraded_gate": {
    "criteria": {
      "has_log": "2024-08-08 05:49:27 +0000"
    },
    "done": true
  },
  "incendium:quartz_flats/floor_is_tears": {
    "criteria": {
      "requirement": "2024-08-08 05:53:51 +0000"
    },
    "done": true
  },
  "cfm:recipes/decorations/stripped_acacia_park_bench": {
    "criteria": {
      "has_log": "2024-08-08 05:49:27 +0000"
    },
    "done": true
  },
  "incendium:technical/multiplex_crossbow": {
    "criteria": {
      "log_spam_fixer": "2024-08-08 05:55:52 +0000"
    },
    "done": false
  },
  "astikorcarts:recipes/animal_cart": {
    "criteria": {
      "has_wheel": "2024-08-08 05:49:27 +0000"
    },
    "done": true
  },
  "incendium:technical/using/ragnarok": {
    "criteria": {
      "log_spam_fixer": "2024-08-08 05:43:51 +0000"
    },
    "done": false
  },
  "minecraft:nether/root": {
    "criteria": {
      "entered_nether": "2024-08-08 05:53:12 +0000"
    },
    "done": true
  },
  "minecraft:recipes/tools/flint_and_steel": {
    "criteria": {
      "has_obsidian": "2024-08-08 05:52:31 +0000"
    },
    "done": true
  },
  "cfm:recipes/decorations/stripped_acacia_kitchen_counter": {
    "criteria": {
      "has_log": "2024-08-08 05:49:27 +0000"
    },
    "done": true
  },
  "cfm:recipes/decorations/stripped_acacia_desk": {
    "criteria": {
      "has_planks": "2024-08-08 05:49:27 +0000"
    },
    "done": true
  },
  "incendium:quartz_flats/root": {
    "criteria": {
      "requirement": "2024-08-08 05:53:14 +0000"
    },
    "done": true
  },
  "incendium:technical/using/trailblazer": {
    "criteria": {
      "log_spam_fixer": "2024-08-08 05:43:51 +0000"
    },
    "done": false
  },
  "cfm:recipes/decorations/acacia_crate": {
    "criteria": {
      "has_log": "2024-08-08 05:49:27 +0000"
    },
    "done": true
  },
  "minecraft:adventure/adventuring_time": {
    "criteria": {
      "minecraft:bamboo_jungle": "2024-08-08 05:49:20 +0000",
      "minecraft:sparse_jungle": "2024-08-08 05:43:51 +0000",
      "minecraft:river": "2024-08-08 05:48:10 +0000",
      "minecraft:jungle": "2024-08-08 05:48:26 +0000"
    },
    "done": false
  },
  "cfm:recipes/decorations/stripped_acacia_chair": {
    "criteria": {
      "has_planks": "2024-08-08 05:49:27 +0000"
    },
    "done": true
  },
  "minecraft:recipes/decorations/enchanting_table": {
    "criteria": {
      "has_obsidian": "2024-08-08 05:52:31 +0000"
    },
    "done": true
  },
  "minecraft:recipes/building_blocks/acacia_planks": {
    "criteria": {
      "has_log": "2024-08-08 05:49:27 +0000"
    },
    "done": true
  },
  "DataVersion": 3465
}